Scenario,Watershed,SubArea,Year,Precipitation,Temperature,Soil moisture,ET,Groundwater recharge,Runoff,TSS Yield,DN Yield,PN Yield,TN Yield,DP Yield,PP Yield,TP Yield,Soil carbon,Biodiversity
Conventional,Sample watershed,1,2001,558.8,4.42,213.2,440.24,15.71,102.85,1.99,13.65,9.49,23.14,1.37,2.77,4.14,156.52,0.53
Conventional,Sample watershed,2,2001,558.8,4.42,207.05,437.94,15.86,105,0.29,2.15,1.44,3.59,0.2,0.4,0.6,21.47,0.5
Conventional,Sample watershed,3,2001,558.8,4.42,223.22,446.68,17.62,94.5,0.54,4.2,2.67,6.87,0.37,0.79,1.16,48.91,0.48
Conventional,Sample watershed,4,2001,558.8,4.42,232.33,444.58,17.8,96.42,2.18,15.42,10.82,26.23,1.55,3.19,4.74,194.34,0.5
Conventional,Sample watershed,5,2001,558.8,4.42,223.22,443.45,17.97,97.39,2.96,21.38,14.41,35.79,2.03,3.96,5.99,251.38,0.48
Conventional,Sample watershed,6,2001,558.8,4.42,220.94,441.07,17.45,100.28,0.7,5.25,3.54,8.79,0.51,0.98,1.49,58.11,0.52
Conventional,Sample watershed,7,2001,558.8,4.42,230.05,450.26,16.94,91.6,0.96,6.58,4.53,11.1,0.69,1.33,2.02,80.54,0.5
Conventional,Sample watershed,8,2001,558.8,4.42,230.05,449.23,17.97,91.6,0,0.03,0.02,0.05,0,0.01,0.01,0.36,0.49
Conventional,Sample watershed,9,2001,558.8,4.42,225.5,443.96,17.45,97.39,1.69,13.2,8.9,22.1,1.2,2.28,3.48,150.76,0.48
Conventional,Sample watershed,10,2001,558.8,4.42,198.85,436.11,15.55,107.14,0.13,0.93,0.58,1.51,0.09,0.16,0.25,9.25,0.52
Conventional,Sample watershed,11,2001,558.8,4.42,198.85,439.18,14.63,105,2.61,17.41,12.72,30.13,1.68,3.67,5.36,189.96,0.5
Conventional,Sample watershed,12,2001,558.8,4.42,215.25,441.16,14.78,102.85,2.41,17.79,11.62,29.4,1.74,3.46,5.2,184.23,0.51
Conventional,Sample watershed,13,2001,558.8,4.42,194.75,431.98,15.4,111.42,0.59,4.49,2.82,7.31,0.43,0.87,1.3,46.59,0.51
Conventional,Sample watershed,14,2001,558.8,4.42,207.05,441.32,14.63,102.85,6.96,48.31,32.88,81.2,4.67,9.22,13.89,537.26,0.53
Conventional,Sample watershed,15,2001,558.8,4.42,213.2,436.56,16.17,106.07,1.4,9.76,6.38,16.14,0.93,1.96,2.89,105.34,0.51
Conventional,Sample watershed,16,2001,558.8,4.42,209.1,433.81,15.71,109.28,0.19,1.53,1.02,2.55,0.15,0.29,0.44,15.72,0.52
Conventional,Sample watershed,17,2001,558.8,4.42,51.25,147.9,3.77,407.12,0.28,1.98,1.38,3.36,0.2,0.38,0.57,5.57,0.51
Conventional,Sample watershed,18,2001,558.8,4.42,51.76,135.05,3.77,419.98,0.05,0.39,0.26,0.65,0.04,0.07,0.11,0.95,0.52
Conventional,Sample watershed,19,2001,558.8,4.42,227.77,440.1,17.45,101.25,1.17,9.19,6.13,15.33,0.84,1.65,2.49,99.78,0.49
Conventional,Sample watershed,20,2001,558.8,4.42,234.61,442.82,17.62,98.35,0.01,0.09,0.06,0.14,0.01,0.02,0.02,1.03,0.52
Conventional,Sample watershed,21,2001,558.8,4.42,227.77,443.06,16.43,99.32,3.46,25.52,17.19,42.71,2.42,4.92,7.34,285.28,0.51
Conventional,Sample watershed,22,2001,558.8,4.42,234.61,446.34,17.97,94.5,2.32,17.46,10.97,28.44,1.61,3.14,4.75,209.32,0.49
Conventional,Sample watershed,23,2001,558.8,4.42,236.89,442.26,16.26,100.28,0.29,2.06,1.33,3.39,0.21,0.41,0.62,25.46,0.53
Conventional,Sample watershed,24,2001,558.8,4.42,234.61,440.79,16.77,101.25,0.09,0.62,0.42,1.04,0.06,0.12,0.18,7.87,0.52
Conventional,Sample watershed,25,2001,558.8,4.42,239.16,446.34,17.97,94.5,0.93,6.83,4.79,11.62,0.64,1.36,2,82.75,0.52
Conventional,Sample watershed,26,2001,558.8,4.42,198.85,433.82,14.63,110.35,0.55,3.88,2.53,6.41,0.37,0.76,1.13,42.67,0.48
Conventional,Sample watershed,27,2001,558.8,4.42,200.9,436.87,15.86,106.07,0.97,6.82,4.55,11.37,0.62,1.35,1.97,74.35,0.49
Conventional,Sample watershed,28,2001,558.8,4.42,209.1,442.08,14.94,101.78,2.86,20.06,13.1,33.17,2,4.1,6.1,220.93,0.51
Conventional,Sample watershed,29,2001,558.8,4.42,215.25,432.13,15.25,111.42,2.56,19.67,12.74,32.41,1.77,3.68,5.45,208.15,0.53
Conventional,Sample watershed,1,2002,510.3,3.42,249.34,359.45,18,132.85,2.3,16.8,11.77,28.56,1.67,3.27,4.94,139.77,0.53
Conventional,Sample watershed,2,2002,510.3,3.42,229.98,359.62,19.09,131.58,0.33,2.57,1.71,4.28,0.24,0.45,0.69,18.77,0.49
Conventional,Sample watershed,3,2002,510.3,3.42,279.74,377.49,21.22,111.59,0.63,4.77,3.31,8.08,0.47,0.9,1.37,43.25,0.49
Conventional,Sample watershed,4,2002,510.3,3.42,274.36,370.33,20.41,119.56,2.54,17.83,12.39,30.22,1.78,3.62,5.4,173.54,0.5
Conventional,Sample watershed,5,2002,510.3,3.42,255.53,380.38,20.61,109.31,3.36,24.76,16.85,41.61,2.37,4.87,7.24,217.88,0.49
Conventional,Sample watershed,6,2002,510.3,3.42,255.53,376.1,19.2,115.01,0.86,5.72,4.14,9.86,0.59,1.11,1.71,56.21,0.48
Conventional,Sample watershed,7,2002,510.3,3.42,258.22,373.21,19.8,117.28,1.11,8.09,5.51,13.6,0.75,1.5,2.25,72.65,0.5
Conventional,Sample watershed,8,2002,510.3,3.42,258.22,375.69,19.6,115.01,0,0.04,0.02,0.06,0,0.01,0.01,0.32,0.51
Conventional,Sample watershed,9,2002,510.3,3.42,282.43,377.49,21.22,111.59,2.07,14.25,10.5,24.76,1.39,2.75,4.14,133.29,0.49
Conventional,Sample watershed,10,2002,510.3,3.42,234.82,369.39,18.19,122.72,0.14,1.11,0.7,1.81,0.11,0.21,0.31,8.69,0.49
Conventional,Sample watershed,11,2002,510.3,3.42,234.82,363.42,19.09,127.79,2.96,22.29,15.02,37.32,2.18,4.3,6.47,181.88,0.51
Conventional,Sample watershed,12,2002,510.3,3.42,229.98,369.03,17.28,123.99,3.05,21.43,13.72,35.15,2.07,4.3,6.37,167.98,0.51
Conventional,Sample watershed,13,2002,510.3,3.42,237.24,371.19,18.91,120.19,0.74,5.35,3.57,8.93,0.5,0.98,1.48,41.61,0.49
Conventional,Sample watershed,14,2002,510.3,3.42,239.66,363.25,18,129.05,8.46,61.13,39.22,100.35,5.29,11.22,16.52,456.25,0.48
Conventional,Sample watershed,15,2002,510.3,3.42,242.08,368.84,18.73,122.72,1.66,11.76,7.61,19.37,1.1,2.11,3.22,92.21,0.51
Conventional,Sample watershed,16,2002,510.3,3.42,242.08,367.41,17.64,125.25,0.23,1.79,1.21,3,0.17,0.33,0.5,14.04,0.52
Conventional,Sample watershed,17,2002,510.3,3.42,58.1,-10.22,4.32,516.2,0.31,2.39,1.59,3.98,0.22,0.44,0.66,4.83,0.52
Conventional,Sample watershed,18,2002,510.3,3.42,57.49,-25.54,4.46,531.38,0.06,0.46,0.31,0.77,0.04,0.08,0.13,0.92,0.53
Conventional,Sample watershed,19,2002,510.3,3.42,279.74,379.31,19.4,111.59,1.42,10.24,7.17,17.41,1.03,1.97,3,88.17,0.49
Conventional,Sample watershed,20,2002,510.3,3.42,258.22,382.53,19.6,108.17,0.01,0.1,0.07,0.17,0.01,0.02,0.03,0.89,0.51
Conventional,Sample watershed,21,2002,510.3,3.42,271.67,370.73,20,119.56,4.25,27.79,19.71,47.5,2.66,5.58,8.24,267.89,0.49
Conventional,Sample watershed,22,2002,510.3,3.42,260.91,375.62,20.81,113.87,2.77,20.82,14.03,34.85,1.8,3.6,5.4,172.68,0.49
Conventional,Sample watershed,23,2002,510.3,3.42,268.98,369.93,20.81,119.56,0.34,2.51,1.67,4.18,0.23,0.49,0.72,21.19,0.48
Conventional,Sample watershed,24,2002,510.3,3.42,260.91,378.63,21.22,110.45,0.11,0.8,0.53,1.33,0.07,0.15,0.22,6.82,0.48
Conventional,Sample watershed,25,2002,510.3,3.42,255.53,380.98,20,109.31,1.15,8.07,5.82,13.89,0.81,1.57,2.38,75.38,0.49
Conventional,Sample watershed,26,2002,510.3,3.42,246.92,368.31,18,123.99,0.67,4.4,2.93,7.33,0.45,0.86,1.3,35.88,0.49
Conventional,Sample watershed,27,2002,510.3,3.42,237.24,361.07,18.91,130.32,1.06,7.89,5.48,13.38,0.77,1.46,2.23,66.39,0.48
Conventional,Sample watershed,28,2002,510.3,3.42,251.77,366.32,17.46,126.52,3.51,22.97,16.78,39.75,2.24,4.48,6.72,185.57,0.51
Conventional,Sample watershed,29,2002,510.3,3.42,254.19,368.85,17.46,123.99,3.15,21.43,15.5,36.93,2.14,4.43,6.57,180.41,0.5
Conventional,Sample watershed,1,2003,652.3,4.29,246.43,510.88,19.07,122.35,2.34,17.27,12.1,29.36,1.69,3.17,4.85,165.1,0.57
Conventional,Sample watershed,2,2003,652.3,4.29,236.57,497.63,19.44,135.23,0.35,2.59,1.66,4.25,0.24,0.47,0.71,22.87,0.54
Conventional,Sample watershed,3,2003,652.3,4.29,282.03,514.12,19.95,118.23,0.66,4.95,3.4,8.35,0.46,0.9,1.35,48.56,0.56
Conventional,Sample watershed,4,2003,652.3,4.29,260.12,510.64,19.95,121.71,2.64,18.15,12.49,30.64,1.76,3.46,5.22,202.99,0.55
Conventional,Sample watershed,5,2003,652.3,4.29,287.5,520.12,19.75,112.44,3.62,23.71,17.32,41.03,2.39,5,7.39,252.01,0.56
Conventional,Sample watershed,6,2003,652.3,4.29,260.12,517.72,20.98,113.6,0.82,5.88,4.29,10.18,0.56,1.17,1.73,62.54,0.56
Conventional,Sample watershed,7,2003,652.3,4.29,287.5,520.58,21.6,110.12,1.13,8.07,5.61,13.68,0.79,1.53,2.31,90.13,0.54
Conventional,Sample watershed,8,2003,652.3,4.29,284.77,521,21.19,110.12,0.01,0.03,0.03,0.06,0,0.01,0.01,0.41,0.58
Conventional,Sample watershed,9,2003,652.3,4.29,279.29,520.04,20.98,111.28,2.03,15.72,10.69,26.41,1.4,2.86,4.26,157.41,0.58
Conventional,Sample watershed,10,2003,652.3,4.29,236.57,499.1,19.25,133.95,0.16,1.03,0.74,1.77,0.1,0.2,0.3,10.16,0.56
Conventional,Sample watershed,11,2003,652.3,4.29,241.5,501.86,19.07,131.37,3.02,23.14,15.44,38.58,2.15,4.33,6.48,198.17,0.58
Conventional,Sample watershed,12,2003,652.3,4.29,243.97,498.93,18.14,135.23,2.87,22.91,14.85,37.76,2.11,4.16,6.27,196.24,0.57
Conventional,Sample watershed,13,2003,652.3,4.29,258.75,500.95,18.7,132.66,0.75,5.19,3.5,8.69,0.51,0.98,1.49,47.18,0.55
Conventional,Sample watershed,14,2003,652.3,4.29,234.11,506.83,19.25,126.22,7.87,61.63,37.93,99.57,5.56,11.76,17.32,583.51,0.58
Conventional,Sample watershed,15,2003,652.3,4.29,256.29,497.81,19.25,135.23,1.7,11.27,8.3,19.57,1.16,2.26,3.42,112.21,0.53
Conventional,Sample watershed,16,2003,652.3,4.29,236.57,511.43,18.51,122.35,0.23,1.75,1.24,2.99,0.16,0.33,0.5,16.91,0.58
Conventional,Sample watershed,17,2003,652.3,4.29,58.53,132.36,4.77,515.17,0.33,2.34,1.64,3.98,0.22,0.44,0.66,5.87,0.54
Conventional,Sample watershed,18,2003,652.3,4.29,64.69,111.98,4.54,535.78,0.06,0.47,0.3,0.77,0.04,0.08,0.12,1.01,0.54
Conventional,Sample watershed,19,2003,652.3,4.29,262.86,516.85,19.54,115.91,1.41,10,7.3,17.3,1.04,2.03,3.07,111.82,0.53
Conventional,Sample watershed,20,2003,652.3,4.29,265.6,511.05,19.54,121.71,0.01,0.1,0.07,0.17,0.01,0.02,0.03,1.04,0.56
Conventional,Sample watershed,21,2003,652.3,4.29,268.34,510.56,21.19,120.55,4.24,29.19,20.47,49.65,2.94,5.8,8.73,310.14,0.58
Conventional,Sample watershed,22,2003,652.3,4.29,287.5,510.43,20.16,121.71,2.9,20.59,13.47,34.06,1.97,3.81,5.79,201.73,0.57
Conventional,Sample watershed,23,2003,652.3,4.29,276.55,520.58,21.6,110.12,0.34,2.4,1.6,4.01,0.24,0.5,0.74,27.65,0.57
Conventional,Sample watershed,24,2003,652.3,4.29,262.86,512.55,20.36,119.39,0.11,0.79,0.54,1.33,0.08,0.14,0.22,7.8,0.56
Conventional,Sample watershed,25,2003,652.3,4.29,260.12,509.82,20.77,121.71,1.12,8.8,5.7,14.5,0.84,1.6,2.44,91.67,0.57
Conventional,Sample watershed,26,2003,652.3,4.29,239.04,501.49,19.44,131.37,0.64,4.85,3.01,7.86,0.43,0.88,1.31,44.13,0.53
Conventional,Sample watershed,27,2003,652.3,4.29,251.36,507.39,18.7,126.22,1.08,7.79,5.64,13.43,0.77,1.57,2.33,79.97,0.54
Conventional,Sample watershed,28,2003,652.3,4.29,258.75,502.97,17.96,131.37,3.34,25.84,16.08,41.93,2.45,4.7,7.15,242.32,0.54
Conventional,Sample watershed,29,2003,652.3,4.29,246.43,499.66,18.7,133.95,3.24,22.73,15.47,38.2,2.2,4.43,6.62,217.37,0.54
Conventional,Sample watershed,1,2004,531.21,3.87,217.77,395.89,16.86,118.46,2.09,16.03,10.7,26.73,1.42,2.8,4.21,137.43,0.53
Conventional,Sample watershed,2,2004,531.21,3.87,217.77,399.21,15.86,116.14,0.31,2.27,1.56,3.83,0.21,0.42,0.63,20.85,0.56
Conventional,Sample watershed,3,2004,531.21,3.87,251.84,405,18.55,107.66,0.58,4.55,2.86,7.42,0.41,0.84,1.25,43.84,0.56
Conventional,Sample watershed,4,2004,531.21,3.87,241.97,411.64,18.18,101.39,2.36,17.4,11.26,28.66,1.6,3.42,5.02,174.19,0.54
Conventional,Sample watershed,5,2004,531.21,3.87,246.91,407.21,19.48,104.52,3.11,23.4,14.56,37.96,2.24,4.08,6.32,239.14,0.56
Conventional,Sample watershed,6,2004,531.21,3.87,244.44,406.16,19.48,105.57,0.75,5.75,3.61,9.36,0.54,1.01,1.55,59.87,0.54
Conventional,Sample watershed,7,2004,531.21,3.87,246.91,408.26,19.48,103.48,1.02,7.8,4.81,12.61,0.74,1.49,2.23,78.18,0.55
Conventional,Sample watershed,8,2004,531.21,3.87,241.97,406.79,17.81,106.61,0,0.03,0.02,0.05,0,0.01,0.01,0.33,0.55
Conventional,Sample watershed,9,2004,531.21,3.87,234.56,403.03,19.48,108.7,1.98,13.63,8.91,22.54,1.28,2.68,3.96,133.59,0.53
Conventional,Sample watershed,10,2004,531.21,3.87,215.55,401.19,17.36,112.65,0.13,1.02,0.65,1.66,0.1,0.19,0.28,8.62,0.58
Conventional,Sample watershed,11,2004,531.21,3.87,213.33,391.74,17.53,121.94,2.83,20.07,12.72,32.79,1.81,3.75,5.56,175.27,0.56
Conventional,Sample watershed,12,2004,531.21,3.87,211.1,394.73,16.86,119.62,2.8,19.48,13.12,32.6,1.88,3.57,5.45,186.34,0.53
Conventional,Sample watershed,13,2004,531.21,3.87,226.66,398.88,16.19,116.14,0.66,4.73,3.12,7.85,0.44,0.92,1.36,43.03,0.56
Conventional,Sample watershed,14,2004,531.21,3.87,231.1,393.41,15.86,121.94,7.24,56.11,34.21,90.32,5.11,9.79,14.91,471.4,0.56
Conventional,Sample watershed,15,2004,531.21,3.87,211.1,400.37,15.86,114.98,1.51,10.05,7.42,17.47,0.99,1.98,2.97,101.21,0.55
Conventional,Sample watershed,16,2004,531.21,3.87,224.44,393.23,17.19,120.78,0.23,1.67,1.1,2.77,0.16,0.3,0.46,15.25,0.53
Conventional,Sample watershed,17,2004,531.21,3.87,53.89,39.3,4.13,487.78,0.29,2.06,1.45,3.51,0.2,0.39,0.59,4.99,0.53
Conventional,Sample watershed,18,2004,531.21,3.87,54.44,67.01,4.3,459.9,0.06,0.4,0.27,0.68,0.04,0.08,0.12,0.89,0.56
Conventional,Sample watershed,19,2004,531.21,3.87,254.31,410.53,19.29,101.39,1.3,9.11,6.39,15.51,0.9,1.78,2.67,102.81,0.56
Conventional,Sample watershed,20,2004,531.21,3.87,256.78,414.29,17.62,99.3,0.01,0.09,0.06,0.15,0.01,0.02,0.03,0.9,0.57
Conventional,Sample watershed,21,2004,531.21,3.87,256.78,409.55,18.18,103.48,3.6,26.32,19,45.32,2.67,5.28,7.95,290.92,0.54
Conventional,Sample watershed,22,2004,531.21,3.87,249.37,407.4,19.29,104.52,2.64,19.11,12.14,31.26,1.83,3.37,5.2,195.32,0.54
Conventional,Sample watershed,23,2004,531.21,3.87,246.91,408.02,17.62,105.57,0.31,2.32,1.46,3.78,0.22,0.41,0.63,23.05,0.53
Conventional,Sample watershed,24,2004,531.21,3.87,246.91,408.14,18.55,104.52,0.1,0.72,0.49,1.21,0.07,0.13,0.2,7.12,0.55
Conventional,Sample watershed,25,2004,531.21,3.87,254.31,403.21,19.29,108.7,1.01,7.56,5.04,12.6,0.72,1.51,2.24,80.3,0.55
Conventional,Sample watershed,26,2004,531.21,3.87,215.55,397.88,16.03,117.3,0.6,4.16,2.95,7.11,0.38,0.84,1.22,39.81,0.53
Conventional,Sample watershed,27,2004,531.21,3.87,213.33,396.22,16.53,118.46,0.99,7.39,5.03,12.43,0.67,1.48,2.15,68.67,0.56
Conventional,Sample watershed,28,2004,531.21,3.87,215.55,402.03,16.53,112.65,2.98,21.08,14.8,35.89,2.21,4.28,6.49,214.31,0.58
Conventional,Sample watershed,29,2004,531.21,3.87,219.99,402.52,17.19,111.49,2.78,20.5,14.65,35.14,2,4.15,6.15,192.24,0.58
Conventional,Sample watershed,1,2005,483.18,5.15,155.09,391.16,11.76,80.26,1.53,10.65,6.97,17.62,1.06,2.05,3.11,159.92,0.53
Conventional,Sample watershed,2,2005,483.18,5.15,156.61,396.49,11.19,75.49,0.21,1.61,1.06,2.67,0.14,0.29,0.44,21.27,0.55
Conventional,Sample watershed,3,2005,483.18,5.15,168.94,400.15,12.94,70.09,0.41,2.88,2.08,4.96,0.27,0.56,0.83,48.05,0.58
Conventional,Sample watershed,4,2005,483.18,5.15,175.7,400.27,12.82,70.09,1.6,11.79,8.02,19.81,1.07,2.32,3.39,189.02,0.58
Conventional,Sample watershed,5,2005,483.18,5.15,162.19,394.76,13.33,75.1,2.22,15.86,10.69,26.55,1.5,2.85,4.35,261.85,0.55
Conventional,Sample watershed,6,2005,483.18,5.15,162.19,395.52,12.56,75.1,0.53,3.82,2.45,6.27,0.36,0.71,1.07,61.25,0.54
Conventional,Sample watershed,7,2005,483.18,5.15,177.39,400.48,13.33,69.37,0.74,4.88,3.39,8.27,0.5,0.99,1.49,79.03,0.56
Conventional,Sample watershed,8,2005,483.18,5.15,170.63,397.41,12.82,72.95,0,0.02,0.02,0.04,0,0,0.01,0.36,0.58
Conventional,Sample watershed,9,2005,483.18,5.15,163.87,400.19,12.18,70.8,1.26,9.42,6.09,15.51,0.88,1.82,2.7,152.55,0.56
Conventional,Sample watershed,10,2005,483.18,5.15,147.49,396.04,11.65,75.49,0.09,0.64,0.45,1.09,0.07,0.13,0.2,10.24,0.53
Conventional,Sample watershed,11,2005,483.18,5.15,155.09,396.61,11.08,75.49,1.81,12.92,8.7,21.62,1.25,2.57,3.82,190.24,0.58
Conventional,Sample watershed,12,2005,483.18,5.15,144.45,392.52,11.19,79.47,1.79,14.14,8.62,22.75,1.3,2.49,3.79,188.38,0.54
Conventional,Sample watershed,13,2005,483.18,5.15,147.49,392.18,11.54,79.47,0.43,3.27,2.09,5.36,0.29,0.64,0.93,45.28,0.57
Conventional,Sample watershed,14,2005,483.18,5.15,145.97,392.75,10.97,79.47,4.91,38.03,24.88,62.91,3.43,7.33,10.76,517.01,0.56
Conventional,Sample watershed,15,2005,483.18,5.15,145.97,396.38,11.31,75.49,0.99,7.1,4.88,11.97,0.71,1.42,2.14,110.82,0.57
Conventional,Sample watershed,16,2005,483.18,5.15,156.61,390.25,11.88,81.05,0.14,1.07,0.71,1.78,0.1,0.2,0.31,16.07,0.56
Conventional,Sample watershed,17,2005,483.18,5.15,37.25,156.13,2.83,324.22,0.21,1.47,1.03,2.5,0.14,0.27,0.41,5.36,0.56
Conventional,Sample watershed,18,2005,483.18,5.15,38.39,172.05,2.8,308.33,0.04,0.29,0.18,0.47,0.03,0.05,0.08,0.97,0.54
Conventional,Sample watershed,19,2005,483.18,5.15,167.25,403.18,12.06,67.94,0.9,6.75,4.55,11.3,0.63,1.3,1.94,109.38,0.57
Conventional,Sample watershed,20,2005,483.18,5.15,177.39,399.89,13.2,70.09,0.01,0.06,0.04,0.11,0.01,0.01,0.02,1,0.55
Conventional,Sample watershed,21,2005,483.18,5.15,162.19,402.08,12.44,68.66,2.49,18.93,12.75,31.68,1.74,3.54,5.28,306.53,0.56
Conventional,Sample watershed,22,2005,483.18,5.15,177.39,400.07,12.31,70.8,1.77,12.46,8.22,20.68,1.19,2.5,3.69,201.73,0.58
Conventional,Sample watershed,23,2005,483.18,5.15,174.01,396.57,12.94,73.66,0.21,1.59,1.06,2.65,0.14,0.29,0.43,24.26,0.55
Conventional,Sample watershed,24,2005,483.18,5.15,165.56,397.79,12.44,72.95,0.07,0.48,0.32,0.8,0.05,0.09,0.14,7.8,0.55
Conventional,Sample watershed,25,2005,483.18,5.15,168.94,399.1,12.56,71.52,0.74,5.07,3.41,8.48,0.48,0.97,1.45,86.25,0.54
Conventional,Sample watershed,26,2005,483.18,5.15,147.49,390.82,11.31,81.05,0.39,2.73,2,4.73,0.26,0.54,0.8,40.66,0.54
Conventional,Sample watershed,27,2005,483.18,5.15,150.53,393.09,11.42,78.67,0.69,5.11,3.58,8.69,0.47,1,1.47,74.49,0.53
Conventional,Sample watershed,28,2005,483.18,5.15,144.45,391.72,11.99,79.47,2.14,15.19,10.44,25.62,1.45,2.84,4.29,225.77,0.57
Conventional,Sample watershed,29,2005,483.18,5.15,147.49,390.82,11.31,81.05,2,14.31,10.02,24.33,1.4,2.65,4.05,212.69,0.58
Conventional,Sample watershed,1,2006,706.7,5.36,209.38,582.66,15.73,108.31,2.07,14.82,10.29,25.11,1.4,2.97,4.38,183.4,0.55
Conventional,Sample watershed,2,2006,706.7,5.36,205.11,581.86,16.53,108.31,0.29,2.09,1.45,3.55,0.2,0.42,0.62,24.89,0.55
Conventional,Sample watershed,3,2006,706.7,5.36,225.52,592.68,18.55,95.47,0.59,4.04,2.89,6.94,0.42,0.82,1.24,56.2,0.55
Conventional,Sample watershed,4,2006,706.7,5.36,237.39,591.56,17.65,97.48,2.22,15.9,10.71,26.62,1.57,3.13,4.7,227.72,0.54
Conventional,Sample watershed,5,2006,706.7,5.36,242.14,588.08,17.12,101.5,2.9,20.99,14.43,35.42,2.09,4.17,6.26,285.89,0.58
Conventional,Sample watershed,6,2006,706.7,5.36,235.02,588.66,18.55,99.49,0.75,5.21,3.65,8.86,0.53,1.03,1.57,74.47,0.54
Conventional,Sample watershed,7,2006,706.7,5.36,246.89,591.56,17.65,97.48,1.03,6.86,4.86,11.72,0.71,1.4,2.12,91.52,0.57
Conventional,Sample watershed,8,2006,706.7,5.36,232.64,585.18,18.01,103.51,0,0.03,0.02,0.05,0,0.01,0.01,0.4,0.53
Conventional,Sample watershed,9,2006,706.7,5.36,235.02,584.17,18.01,104.52,1.79,12.45,8.56,21.01,1.3,2.38,3.68,167.91,0.58
Conventional,Sample watershed,10,2006,706.7,5.36,213.65,577.23,16.69,112.78,0.13,0.97,0.63,1.59,0.09,0.18,0.27,11.74,0.54
Conventional,Sample watershed,11,2006,706.7,5.36,224.34,576.27,16.53,113.9,2.67,19.29,12.61,31.91,1.79,3.65,5.44,240.95,0.58
Conventional,Sample watershed,12,2006,706.7,5.36,205.11,578.03,15.89,112.78,2.54,19.29,13.13,32.42,1.76,3.47,5.22,222.69,0.57
Conventional,Sample watershed,13,2006,706.7,5.36,207.24,579.15,15.89,111.66,0.61,4.32,2.88,7.2,0.41,0.85,1.26,51.35,0.58
Conventional,Sample watershed,14,2006,706.7,5.36,213.65,580.9,16.37,109.43,6.75,52.41,36.35,88.76,4.97,9.81,14.77,592.51,0.54
Conventional,Sample watershed,15,2006,706.7,5.36,224.34,573.57,15.89,117.25,1.34,9.87,6.99,16.86,0.97,1.88,2.86,118.55,0.58
Conventional,Sample watershed,16,2006,706.7,5.36,213.65,573.24,16.21,117.25,0.22,1.61,1,2.61,0.15,0.28,0.44,19.34,0.54
Conventional,Sample watershed,17,2006,706.7,5.36,53.95,260.55,3.97,442.18,0.29,2.01,1.44,3.44,0.19,0.41,0.61,6.46,0.54
Conventional,Sample watershed,18,2006,706.7,5.36,53.95,247.27,3.85,455.58,0.05,0.4,0.25,0.65,0.04,0.08,0.11,1.11,0.53
Conventional,Sample watershed,19,2006,706.7,5.36,235.02,586.36,17.83,102.51,1.3,9.31,6.27,15.58,0.86,1.76,2.61,121.79,0.54
Conventional,Sample watershed,20,2006,706.7,5.36,237.39,586.07,17.12,103.51,0.01,0.09,0.06,0.15,0.01,0.02,0.02,1.11,0.54
Conventional,Sample watershed,21,2006,706.7,5.36,232.64,591.27,16.94,98.49,3.61,26.85,17.74,44.6,2.52,5.08,7.6,354.96,0.56
Conventional,Sample watershed,22,2006,706.7,5.36,246.89,585.65,18.55,102.51,2.32,18.38,11.67,30.05,1.67,3.27,4.95,224.25,0.53
Conventional,Sample watershed,23,2006,706.7,5.36,249.26,588.01,18.19,100.5,0.29,2.21,1.52,3.73,0.22,0.41,0.63,28.96,0.58
Conventional,Sample watershed,24,2006,706.7,5.36,246.89,589.2,18.01,99.49,0.09,0.64,0.46,1.1,0.06,0.14,0.2,8.68,0.54
Conventional,Sample watershed,25,2006,706.7,5.36,227.9,591.39,17.83,97.48,0.95,7.12,4.89,12.01,0.7,1.35,2.05,95.03,0.56
Conventional,Sample watershed,26,2006,706.7,5.36,220.06,580.75,15.41,110.55,0.56,3.92,2.75,6.67,0.41,0.76,1.16,50.48,0.54
Conventional,Sample watershed,27,2006,706.7,5.36,215.79,579.78,16.37,110.55,0.96,7.47,4.55,12.02,0.65,1.32,1.96,86.26,0.53
Conventional,Sample watershed,28,2006,706.7,5.36,224.34,582.81,16.69,107.2,2.86,20.91,14.66,35.58,2.12,3.91,6.03,256.31,0.57
Conventional,Sample watershed,29,2006,706.7,5.36,222.2,574.04,16.53,116.13,2.62,20.1,13.14,33.25,1.94,3.76,5.7,227.16,0.53
Conventional,Sample watershed,1,2007,722.95,4.71,244,577.09,19.64,126.22,2.49,16.76,11.99,28.74,1.67,3.43,5.1,169.59,0.54
Conventional,Sample watershed,2,2007,722.95,4.71,236.53,574.69,18.14,130.12,0.34,2.62,1.71,4.33,0.23,0.48,0.7,24.19,0.58
Conventional,Sample watershed,3,2007,722.95,4.71,268.34,591.75,19.95,111.25,0.65,4.62,3.34,7.95,0.46,0.88,1.34,53.54,0.56
Conventional,Sample watershed,4,2007,722.95,4.71,287.7,581.54,20.78,120.62,2.64,19.3,13.4,32.7,1.81,3.65,5.46,214.91,0.57
Conventional,Sample watershed,5,2007,722.95,4.71,279.41,583.47,21.2,118.28,3.52,25.47,16.48,41.94,2.53,4.62,7.15,277.88,0.58
Conventional,Sample watershed,6,2007,722.95,4.71,282.17,579.2,20.78,122.97,0.81,5.94,4.26,10.2,0.58,1.13,1.72,68.25,0.53
Conventional,Sample watershed,7,2007,722.95,4.71,287.7,585.06,20.78,117.11,1.21,8.49,5.89,14.38,0.82,1.67,2.49,89.86,0.54
Conventional,Sample watershed,8,2007,722.95,4.71,279.41,584.51,20.16,118.28,0,0.04,0.02,0.06,0,0.01,0.01,0.43,0.58
Conventional,Sample watershed,9,2007,722.95,4.71,271.11,591.75,19.95,111.25,2.13,15.27,10.7,25.97,1.48,2.94,4.42,166.58,0.57
Conventional,Sample watershed,10,2007,722.95,4.71,261.42,575.8,18.33,128.82,0.15,1.05,0.75,1.8,0.1,0.21,0.31,10.86,0.57
Conventional,Sample watershed,11,2007,722.95,4.71,236.53,575.05,19.08,128.82,3.14,21.82,15.6,37.42,2.15,4.04,6.19,220.81,0.57
Conventional,Sample watershed,12,2007,722.95,4.71,253.95,569.11,18.52,135.33,3.05,23.15,15.3,38.44,2.22,4.17,6.38,234.27,0.58
Conventional,Sample watershed,13,2007,722.95,4.71,239.02,578.59,18.14,126.22,0.69,5.35,3.71,9.06,0.5,1.03,1.53,51.49,0.58
Conventional,Sample watershed,14,2007,722.95,4.71,244,575.99,18.14,128.82,7.95,61.67,39.53,101.21,5.96,11.2,17.16,630.26,0.56
Conventional,Sample watershed,15,2007,722.95,4.71,248.98,568.18,18.14,136.63,1.61,12.09,8.07,20.16,1.17,2.31,3.48,114,0.54
Conventional,Sample watershed,16,2007,722.95,4.71,258.93,578.78,17.96,126.22,0.25,1.86,1.26,3.12,0.16,0.33,0.49,18.45,0.53
Conventional,Sample watershed,17,2007,722.95,4.71,64.11,197.64,4.82,520.49,0.34,2.36,1.61,3.97,0.23,0.47,0.7,6.4,0.57
Conventional,Sample watershed,18,2007,722.95,4.71,61.62,208.29,4.58,510.08,0.06,0.46,0.31,0.77,0.04,0.08,0.12,1.13,0.58
Conventional,Sample watershed,19,2007,722.95,4.71,287.7,587.74,21.61,113.6,1.49,10.1,7.38,17.48,0.98,2.01,2.99,124.37,0.54
Conventional,Sample watershed,20,2007,722.95,4.71,271.11,586.98,21.2,114.77,0.01,0.1,0.07,0.17,0.01,0.02,0.03,1.21,0.57
Conventional,Sample watershed,21,2007,722.95,4.71,265.57,589.61,19.74,113.6,4.33,29.19,19.26,48.45,2.97,5.86,8.82,331.61,0.57
Conventional,Sample watershed,22,2007,722.95,4.71,290.47,579.33,21.82,121.79,2.68,21.01,13.05,34.06,2.01,3.93,5.94,240.83,0.58
Conventional,Sample watershed,23,2007,722.95,4.71,284.94,585.81,21.2,115.94,0.35,2.58,1.79,4.37,0.24,0.48,0.72,29.29,0.54
Conventional,Sample watershed,24,2007,722.95,4.71,279.41,586.44,20.57,115.94,0.11,0.8,0.54,1.34,0.08,0.15,0.22,8.7,0.58
Conventional,Sample watershed,25,2007,722.95,4.71,265.57,586.02,20.99,115.94,1.14,8.72,5.99,14.71,0.83,1.7,2.53,99.97,0.53
Conventional,Sample watershed,26,2007,722.95,4.71,253.95,568.18,18.14,136.63,0.66,4.76,3.3,8.06,0.47,0.88,1.35,50.05,0.54
Conventional,Sample watershed,27,2007,722.95,4.71,261.42,572.82,18.7,131.42,1.11,8.62,5.53,14.14,0.79,1.55,2.34,79.67,0.54
Conventional,Sample watershed,28,2007,722.95,4.71,256.44,581.57,17.77,123.62,3.37,25.11,16.75,41.87,2.5,4.75,7.24,246.64,0.54
Conventional,Sample watershed,29,2007,722.95,4.71,248.98,580.63,18.7,123.62,3.27,22.27,16.25,38.52,2.2,4.65,6.85,241.83,0.53
Conventional,Sample watershed,1,2008,507.82,6.5,124.07,435.07,9.22,63.52,1.28,9.05,6.04,15.08,0.85,1.68,2.53,167.55,0.58
Conventional,Sample watershed,2,2008,507.82,6.5,125.33,429.78,9.22,68.81,0.18,1.29,0.87,2.16,0.12,0.25,0.37,25.15,0.56
Conventional,Sample watershed,3,2008,507.82,6.5,144.89,439.76,10.88,57.17,0.33,2.47,1.6,4.07,0.23,0.47,0.7,52.89,0.58
Conventional,Sample watershed,4,2008,507.82,6.5,147.7,436.34,10.14,61.34,1.38,10.01,6.94,16.96,0.92,1.8,2.72,216.53,0.56
Conventional,Sample watershed,5,2008,507.82,6.5,140.67,437.42,10.25,60.14,1.86,12.31,8.55,20.86,1.17,2.54,3.71,268.96,0.54
Conventional,Sample watershed,6,2008,507.82,6.5,140.67,436.58,11.1,60.14,0.45,3.15,2.12,5.27,0.31,0.58,0.88,67.42,0.53
Conventional,Sample watershed,7,2008,507.82,6.5,147.7,435.98,11.1,60.74,0.59,4.32,2.88,7.2,0.41,0.82,1.23,92.45,0.54
Conventional,Sample watershed,8,2008,507.82,6.5,133.63,436.12,10.36,61.34,0,0.02,0.01,0.03,0,0,0.01,0.43,0.56
Conventional,Sample watershed,9,2008,507.82,6.5,144.89,434.3,10.99,62.53,1.08,7.53,5.13,12.66,0.73,1.56,2.28,171.29,0.53
Conventional,Sample watershed,10,2008,507.82,6.5,127.87,433.56,9.42,64.84,0.07,0.53,0.39,0.92,0.05,0.11,0.16,10.62,0.53
Conventional,Sample watershed,11,2008,507.82,6.5,132.93,432.52,9.13,66.17,1.57,11.77,7.7,19.48,1.06,2.2,3.27,224.74,0.58
Conventional,Sample watershed,12,2008,507.82,6.5,120.27,431.85,9.8,66.17,1.49,11.43,7.55,18.99,1.02,2.05,3.07,229.09,0.57
Conventional,Sample watershed,13,2008,507.82,6.5,125.33,434.41,9.22,64.18,0.35,2.56,1.8,4.36,0.26,0.51,0.77,53.98,0.53
Conventional,Sample watershed,14,2008,507.82,6.5,124.07,431.95,9.7,66.17,4.17,29.23,20.31,49.54,2.8,5.64,8.43,568.91,0.54
Conventional,Sample watershed,15,2008,507.82,6.5,121.54,430.53,9.8,67.49,0.8,5.91,3.9,9.81,0.58,1.13,1.71,117.35,0.58
Conventional,Sample watershed,16,2008,507.82,6.5,125.33,429.68,9.32,68.81,0.12,0.87,0.59,1.46,0.08,0.17,0.26,16.8,0.53
Conventional,Sample watershed,17,2008,507.82,6.5,32.28,230.26,2.31,275.25,0.18,1.16,0.83,1.99,0.11,0.25,0.36,5.72,0.53
Conventional,Sample watershed,18,2008,507.82,6.5,30.38,243.49,2.31,262.01,0.03,0.22,0.15,0.37,0.02,0.05,0.07,1.06,0.57
Conventional,Sample watershed,19,2008,507.82,6.5,147.7,439.87,10.78,57.17,0.78,5.57,3.61,9.18,0.51,1.06,1.57,113.43,0.58
Conventional,Sample watershed,20,2008,507.82,6.5,147.7,438.78,10.67,58.36,0.01,0.05,0.03,0.08,0.01,0.01,0.02,1.09,0.54
Conventional,Sample watershed,21,2008,507.82,6.5,135.04,437.87,10.99,58.95,2.14,15.45,10.41,25.86,1.39,2.95,4.34,324.27,0.53
Conventional,Sample watershed,22,2008,507.82,6.5,143.48,437.04,10.04,60.74,1.43,10.27,7.34,17.6,0.99,1.9,2.89,233.26,0.53
Conventional,Sample watershed,23,2008,507.82,6.5,136.45,437.59,10.67,59.55,0.18,1.35,0.83,2.18,0.12,0.26,0.37,28.09,0.57
Conventional,Sample watershed,24,2008,507.82,6.5,140.67,439.91,10.14,57.76,0.05,0.42,0.26,0.69,0.04,0.08,0.11,9.11,0.54
Conventional,Sample watershed,25,2008,507.82,6.5,144.89,436.34,10.14,61.34,0.6,4.09,2.81,6.9,0.39,0.79,1.18,97.76,0.56
Conventional,Sample watershed,26,2008,507.82,6.5,121.54,433.37,9.61,64.84,0.35,2.37,1.6,3.97,0.22,0.47,0.69,44.28,0.57
Conventional,Sample watershed,27,2008,507.82,6.5,124.07,431.86,9.13,66.83,0.58,4,2.78,6.78,0.42,0.79,1.21,81.18,0.57
Conventional,Sample watershed,28,2008,507.82,6.5,132.93,429.49,9.51,68.81,1.71,13.15,8.86,22.01,1.25,2.41,3.66,246.1,0.55
Conventional,Sample watershed,29,2008,507.82,6.5,129.13,429.49,9.51,68.81,1.71,11.32,8.11,19.43,1.07,2.16,3.23,238.77,0.56
Conventional,Sample watershed,1,2009,556.75,6.3,150.47,468.73,10.87,77.14,1.31,9.64,6.77,16.41,0.95,1.86,2.81,162.91,0.53
Conventional,Sample watershed,2,2009,556.75,6.3,144.74,467.98,10.87,77.89,0.19,1.42,0.95,2.37,0.14,0.29,0.43,24.47,0.53
Conventional,Sample watershed,3,2009,556.75,6.3,152.86,480.99,11.72,64.04,0.4,2.82,1.87,4.69,0.26,0.51,0.77,51.44,0.57
Conventional,Sample watershed,4,2009,556.75,6.3,159.23,480.75,11.96,64.04,1.49,11.56,7.86,19.42,1.06,2.06,3.12,219.31,0.56
Conventional,Sample watershed,5,2009,556.75,6.3,160.82,476.71,11.96,68.08,2.11,13.79,9.88,23.66,1.43,2.69,4.12,272.56,0.57
Conventional,Sample watershed,6,2009,556.75,6.3,156.05,480.87,11.84,64.04,0.47,3.67,2.4,6.07,0.35,0.68,1.04,66.26,0.58
Conventional,Sample watershed,7,2009,556.75,6.3,152.86,479.09,11.6,66.06,0.66,4.84,3.1,7.94,0.48,0.91,1.4,96.4,0.57
Conventional,Sample watershed,8,2009,556.75,6.3,159.23,476.23,12.44,68.08,0,0.02,0.01,0.04,0,0,0.01,0.41,0.53
Conventional,Sample watershed,9,2009,556.75,6.3,151.27,478.05,11.96,66.73,1.23,8.97,6.22,15.18,0.87,1.63,2.49,165.08,0.58
Conventional,Sample watershed,10,2009,556.75,6.3,146.17,467.66,10.44,78.64,0.09,0.66,0.41,1.07,0.06,0.12,0.18,11.31,0.56
Conventional,Sample watershed,11,2009,556.75,6.3,150.47,470.88,10.23,75.65,1.83,12.94,8.46,21.4,1.24,2.54,3.78,221,0.54
Conventional,Sample watershed,12,2009,556.75,6.3,147.61,468.52,11.09,77.14,1.68,13.07,8.98,22.05,1.17,2.3,3.47,218.84,0.56
Conventional,Sample watershed,13,2009,556.75,6.3,139.01,471.94,10.66,74.15,0.42,2.9,2.12,5.01,0.28,0.55,0.83,53.1,0.54
Conventional,Sample watershed,14,2009,556.75,6.3,143.31,471.63,10.23,74.9,4.53,34.12,23.92,58.04,3.27,6.51,9.78,582.53,0.58
Conventional,Sample watershed,15,2009,556.75,6.3,139.01,474.29,11.3,71.15,0.91,7.03,4.46,11.49,0.62,1.35,1.98,118.88,0.57
Conventional,Sample watershed,16,2009,556.75,6.3,141.88,473.66,10.44,72.65,0.14,1.02,0.69,1.71,0.1,0.19,0.29,18.27,0.54
Conventional,Sample watershed,17,2009,556.75,6.3,35.83,263.37,2.77,290.6,0.18,1.46,0.97,2.43,0.14,0.26,0.4,6.28,0.54
Conventional,Sample watershed,18,2009,556.75,6.3,36.54,269.39,2.75,284.61,0.04,0.25,0.18,0.43,0.03,0.05,0.08,1.08,0.54
Conventional,Sample watershed,19,2009,556.75,6.3,159.23,474.21,12.44,70.1,0.87,5.94,3.92,9.85,0.6,1.13,1.73,114.95,0.53
Conventional,Sample watershed,20,2009,556.75,6.3,156.05,480.75,11.96,64.04,0.01,0.06,0.04,0.1,0.01,0.01,0.02,1.1,0.56
Conventional,Sample watershed,21,2009,556.75,6.3,167.19,476.59,12.08,68.08,2.32,16.97,11.9,28.87,1.69,3.44,5.13,341.86,0.58
Conventional,Sample watershed,22,2009,556.75,6.3,154.45,479.76,11.6,65.39,1.58,11.97,8.31,20.28,1.11,2.2,3.31,227.22,0.56
Conventional,Sample watershed,23,2009,556.75,6.3,164.01,474.61,11.36,70.78,0.19,1.5,1.02,2.52,0.14,0.26,0.41,28.73,0.54
Conventional,Sample watershed,24,2009,556.75,6.3,154.45,476.63,11.36,68.76,0.06,0.43,0.32,0.75,0.04,0.08,0.12,8.7,0.56
Conventional,Sample watershed,25,2009,556.75,6.3,156.05,476.39,11.6,68.76,0.71,5.12,3.32,8.43,0.46,0.9,1.36,94.32,0.53
Conventional,Sample watershed,26,2009,556.75,6.3,139.01,472.8,11.3,72.65,0.39,2.6,1.92,4.52,0.27,0.49,0.76,44.88,0.53
Conventional,Sample watershed,27,2009,556.75,6.3,144.74,470.76,11.09,74.9,0.65,4.63,3.34,7.97,0.45,0.86,1.32,80.61,0.53
Conventional,Sample watershed,28,2009,556.75,6.3,140.44,473.01,11.09,72.65,2.08,15.03,9.74,24.77,1.44,2.76,4.2,241.92,0.58
Conventional,Sample watershed,29,2009,556.75,6.3,137.58,471.73,10.87,74.15,1.77,13.08,9.09,22.17,1.25,2.55,3.8,239.5,0.53
Conventional,Sample watershed,1,2010,621.59,5.06,194.91,504.18,15.54,101.87,1.95,13.94,9.67,23.61,1.37,2.61,3.98,161.95,0.48
Conventional,Sample watershed,2,2010,621.59,5.06,204.86,508.19,14.64,98.75,0.28,1.95,1.3,3.25,0.19,0.37,0.55,23.83,0.5
Conventional,Sample watershed,3,2010,621.59,5.06,218.78,512.97,16.93,91.68,0.52,3.96,2.75,6.7,0.39,0.73,1.12,52.67,0.49
Conventional,Sample watershed,4,2010,621.59,5.06,225.41,508.19,16.1,97.29,2.24,14.8,10.91,25.71,1.53,2.8,4.33,203.14,0.5
Conventional,Sample watershed,5,2010,621.59,5.06,232.04,513.57,17.27,90.75,2.65,20.34,14.25,34.59,1.99,3.88,5.87,273.37,0.52
Conventional,Sample watershed,6,2010,621.59,5.06,214.36,508.9,17.27,95.42,0.72,4.7,3.3,8,0.5,0.9,1.39,65.82,0.48
Conventional,Sample watershed,7,2010,621.59,5.06,218.78,510.93,17.1,93.55,0.95,6.85,4.44,11.28,0.65,1.33,1.98,84.94,0.51
Conventional,Sample watershed,8,2010,621.59,5.06,220.99,507.86,16.44,97.29,0,0.03,0.02,0.05,0,0.01,0.01,0.4,0.52
Conventional,Sample watershed,9,2010,621.59,5.06,209.94,507.58,15.77,98.23,1.7,11.71,7.89,19.6,1.13,2.35,3.48,170.44,0.52
Conventional,Sample watershed,10,2010,621.59,5.06,198.89,499.14,14.34,108.11,0.12,0.89,0.57,1.46,0.08,0.16,0.24,10.9,0.51
Conventional,Sample watershed,11,2010,621.59,5.06,208.84,502.55,15.09,103.95,2.56,17.78,12.1,29.89,1.68,3.29,4.98,223.62,0.52
Conventional,Sample watershed,12,2010,621.59,5.06,208.84,502.26,14.34,104.99,2.56,16.91,11.75,28.65,1.65,3.53,5.18,213,0.53
Conventional,Sample watershed,13,2010,621.59,5.06,202.87,502.7,14.94,103.95,0.61,4.19,2.79,6.98,0.4,0.84,1.24,51.68,0.5
Conventional,Sample watershed,14,2010,621.59,5.06,206.85,506.71,15.09,99.79,6.48,49.74,33.52,83.26,4.71,8.95,13.66,544.17,0.52
Conventional,Sample watershed,15,2010,621.59,5.06,196.9,500.02,15.54,106.03,1.3,9,6.64,15.63,0.87,1.81,2.68,110.02,0.5
Conventional,Sample watershed,16,2010,621.59,5.06,194.91,499.43,15.09,107.07,0.21,1.47,0.96,2.43,0.14,0.27,0.4,17.61,0.53
Conventional,Sample watershed,17,2010,621.59,5.06,48.73,223,3.59,395,0.26,1.87,1.3,3.16,0.18,0.39,0.57,5.71,0.5
Conventional,Sample watershed,18,2010,621.59,5.06,51.21,193.78,3.7,424.1,0.05,0.35,0.25,0.6,0.03,0.07,0.1,1.04,0.49
Conventional,Sample watershed,19,2010,621.59,5.06,229.83,515.94,16.77,88.87,1.16,8.58,5.49,14.07,0.8,1.56,2.36,107.38,0.48
Conventional,Sample watershed,20,2010,621.59,5.06,225.41,510.6,17.43,93.55,0.01,0.08,0.05,0.14,0.01,0.02,0.02,1.04,0.52
Conventional,Sample watershed,21,2010,621.59,5.06,214.36,510.22,15.94,95.42,3.39,22.83,16.36,39.19,2.35,4.45,6.8,303.85,0.53
Conventional,Sample watershed,22,2010,621.59,5.06,209.94,507.36,16.93,97.29,2.25,16.46,10.98,27.43,1.64,2.99,4.62,225.47,0.48
Conventional,Sample watershed,23,2010,621.59,5.06,232.04,514.84,16.93,89.81,0.28,2.04,1.36,3.4,0.18,0.39,0.57,27.69,0.52
Conventional,Sample watershed,24,2010,621.59,5.06,212.15,515.45,17.27,88.87,0.09,0.65,0.42,1.07,0.06,0.11,0.17,8.05,0.49
Conventional,Sample watershed,25,2010,621.59,5.06,218.78,514.34,17.43,89.81,0.94,7.03,4.37,11.41,0.65,1.27,1.91,93.59,0.52
Conventional,Sample watershed,26,2010,621.59,5.06,208.84,502.4,14.19,104.99,0.52,3.65,2.53,6.18,0.36,0.75,1.12,45.95,0.53
Conventional,Sample watershed,27,2010,621.59,5.06,198.89,505.96,14.79,100.83,0.92,6.95,4.46,11.41,0.66,1.31,1.97,79.27,0.52
Conventional,Sample watershed,28,2010,621.59,5.06,192.92,507.3,14.49,99.79,2.86,18.87,13.25,32.12,2,3.64,5.64,225.99,0.51
Conventional,Sample watershed,29,2010,621.59,5.06,194.91,505.52,14.19,101.87,2.61,18.16,12.98,31.14,1.81,3.43,5.24,224.14,0.51
Existing,Sample watershed,1,2001,558.8,4.42,202.95,430.29,16.02,112.49,1.89,14.08,9.11,23.19,1.37,2.79,4.17,150.44,0.53
Existing,Sample watershed,2,2001,558.8,4.42,200.9,434.12,15.4,109.28,0.28,2.11,1.39,3.51,0.19,0.4,0.58,23.24,0.52
Existing,Sample watershed,3,2001,558.8,4.42,227.77,445.95,16.43,96.42,0.52,3.76,2.46,6.22,0.38,0.71,1.09,46.98,0.49
Existing,Sample watershed,4,2001,558.8,4.42,236.89,442.79,17.8,98.21,1.98,15.11,10.57,25.67,1.42,2.71,4.12,194,0.53
Existing,Sample watershed,5,2001,558.8,4.42,236.89,447.02,17.28,94.5,3.02,21.38,13.29,34.67,2.05,3.88,5.93,243.98,0.49
Existing,Sample watershed,6,2001,558.8,4.42,236.89,441.52,17.97,99.32,0.67,5.2,3.26,8.46,0.48,0.93,1.41,60.53,0.52
Existing,Sample watershed,7,2001,558.8,4.42,216.39,442.37,17.11,99.32,0.97,6.58,4.62,11.2,0.69,1.24,1.93,84.61,0.5
Existing,Sample watershed,8,2001,558.8,4.42,225.5,450.09,17.11,91.6,0,0.03,0.02,0.05,0,0.01,0.01,0.37,0.49
Existing,Sample watershed,9,2001,558.8,4.42,227.77,446.57,16.77,95.46,1.79,12.7,8.13,20.83,1.23,2.3,3.53,144.79,0.49
Existing,Sample watershed,10,2001,558.8,4.42,213.2,435.8,15.86,107.14,0.12,0.92,0.61,1.53,0.09,0.18,0.26,9.15,0.5
Existing,Sample watershed,11,2001,558.8,4.42,213.2,435.65,14.94,108.21,2.59,18.15,12.6,30.74,1.67,3.36,5.03,189.96,0.53
Existing,Sample watershed,12,2001,558.8,4.42,209.1,432.28,16.17,110.35,2.41,18.33,12.23,30.56,1.79,3.6,5.39,195.86,0.51
Existing,Sample watershed,13,2001,558.8,4.42,213.2,435.35,15.25,108.21,0.62,4.49,2.85,7.34,0.4,0.87,1.27,43.83,0.49
Existing,Sample watershed,14,2001,558.8,4.42,207.05,431.36,16.02,111.42,6.73,43.56,30.27,73.83,4.3,8.91,13.21,521.15,0.51
Existing,Sample watershed,15,2001,558.8,4.42,198.85,440.09,15.86,102.85,1.23,9.27,6.05,15.31,0.88,1.73,2.61,101.13,0.52
Existing,Sample watershed,16,2001,558.8,4.42,205,433.66,14.78,110.35,0.2,1.46,1,2.46,0.14,0.28,0.42,16.03,0.49
Existing,Sample watershed,17,2001,558.8,4.42,48.69,134.93,3.89,419.98,0.28,1.9,1.3,3.2,0.19,0.37,0.56,5.19,0.53
Existing,Sample watershed,18,2001,558.8,4.42,49.71,113.58,3.81,441.41,0.05,0.37,0.25,0.62,0.04,0.07,0.11,1.05,0.51
Existing,Sample watershed,19,2001,558.8,4.42,232.33,441.75,16.77,100.28,1.27,9.02,5.96,14.98,0.82,1.59,2.41,109.13,0.49
Existing,Sample watershed,20,2001,558.8,4.42,216.39,444.92,17.45,96.42,0.01,0.08,0.05,0.14,0.01,0.02,0.02,0.99,0.49
Existing,Sample watershed,21,2001,558.8,4.42,234.61,443.06,16.43,99.32,3.36,23.54,16.19,39.73,2.35,4.73,7.08,288.22,0.5
Existing,Sample watershed,22,2001,558.8,4.42,232.33,443.68,16.77,98.35,2.32,16.79,11.88,28.67,1.59,3.3,4.89,209.32,0.51
Existing,Sample watershed,23,2001,558.8,4.42,225.5,443.06,16.43,99.32,0.27,2.02,1.4,3.42,0.2,0.39,0.59,25.95,0.5
Existing,Sample watershed,24,2001,558.8,4.42,216.39,441.69,17.8,99.32,0.09,0.64,0.43,1.07,0.06,0.12,0.18,7.71,0.49
Existing,Sample watershed,25,2001,558.8,4.42,218.66,442.2,17.28,99.32,0.99,7.11,4.51,11.62,0.66,1.26,1.92,81.93,0.49
Existing,Sample watershed,26,2001,558.8,4.42,202.95,434.89,14.63,109.28,0.51,3.99,2.53,6.53,0.37,0.78,1.15,41.84,0.48
Existing,Sample watershed,27,2001,558.8,4.42,198.85,431.37,14.94,112.49,0.9,6.69,4.55,11.24,0.65,1.35,2,71.43,0.49
Existing,Sample watershed,28,2001,558.8,4.42,196.8,439.18,14.63,105,2.83,19.65,14.48,34.14,2.02,4.1,6.12,225.31,0.49
Existing,Sample watershed,29,2001,558.8,4.42,205,437.79,16.02,105,2.67,18.91,13.51,32.42,1.92,3.54,5.46,212.23,0.51
Existing,Sample watershed,1,2002,510.3,3.42,232.4,363.25,18,129.05,2.23,16.45,11.31,27.76,1.64,3.14,4.78,128.91,0.51
Existing,Sample watershed,2,2002,510.3,3.42,234.82,366.14,17.64,126.52,0.34,2.3,1.63,3.93,0.24,0.43,0.67,19.96,0.51
Existing,Sample watershed,3,2002,510.3,3.42,274.36,372.89,21.44,115.97,0.63,4.53,2.87,7.4,0.41,0.86,1.26,44.5,0.49
Existing,Sample watershed,4,2002,510.3,3.42,255.53,379.42,20.41,110.47,2.49,16.76,12.88,29.64,1.78,3.37,5.15,180.45,0.52
Existing,Sample watershed,5,2002,510.3,3.42,258.22,377.03,19.4,113.87,3.46,24.76,16.19,40.95,2.28,4.63,6.91,215.68,0.52
Existing,Sample watershed,6,2002,510.3,3.42,260.91,381.52,20.61,108.17,0.87,5.72,4.14,9.86,0.56,1.2,1.75,51.35,0.49
Existing,Sample watershed,7,2002,510.3,3.42,279.74,369.93,20.81,119.56,1.11,7.85,5.29,13.14,0.81,1.53,2.34,69.74,0.51
Existing,Sample watershed,8,2002,510.3,3.42,279.74,380.78,20.21,109.31,0,0.04,0.03,0.06,0,0.01,0.01,0.31,0.48
Existing,Sample watershed,9,2002,510.3,3.42,271.67,377.16,20.41,112.73,2.01,15.44,9.6,25.05,1.49,2.92,4.41,133.29,0.48
Existing,Sample watershed,10,2002,510.3,3.42,237.24,364.88,17.64,127.79,0.15,1.12,0.75,1.86,0.1,0.2,0.3,9.03,0.51
Existing,Sample watershed,11,2002,510.3,3.42,229.98,370.11,18.73,121.46,2.93,22.29,14,36.3,1.97,3.92,5.89,178.38,0.52
Existing,Sample watershed,12,2002,510.3,3.42,246.92,366.13,18.91,125.25,2.91,22.08,14.15,36.23,2.15,3.97,6.12,174.9,0.53
Existing,Sample watershed,13,2002,510.3,3.42,249.34,369.03,18.55,122.72,0.72,4.89,3.26,8.16,0.47,0.96,1.43,42.02,0.5
Existing,Sample watershed,14,2002,510.3,3.42,242.08,369.75,17.82,122.72,7.69,56.85,36.09,92.94,4.97,11.08,16.05,433.44,0.5
Existing,Sample watershed,15,2002,510.3,3.42,246.92,369.03,17.28,123.99,1.42,10.5,7.23,17.73,1.04,2.15,3.19,90.25,0.47
Existing,Sample watershed,16,2002,510.3,3.42,254.19,369.57,18,122.72,0.25,1.7,1.17,2.87,0.16,0.35,0.51,14.74,0.49
Existing,Sample watershed,17,2002,510.3,3.42,59.31,-15.37,4.41,521.26,0.33,2.27,1.59,3.87,0.23,0.44,0.68,4.73,0.49
Existing,Sample watershed,18,2002,510.3,3.42,59.92,14.95,4.46,490.9,0.06,0.44,0.31,0.76,0.04,0.08,0.13,0.88,0.53
Existing,Sample watershed,19,2002,510.3,3.42,263.6,381.92,20.21,108.17,1.44,10.13,6.76,16.89,0.94,1.91,2.85,89.1,0.5
Existing,Sample watershed,20,2002,510.3,3.42,266.29,379.84,20,110.45,0.01,0.1,0.07,0.17,0.01,0.02,0.03,0.93,0.48
Existing,Sample watershed,21,2002,510.3,3.42,268.98,380.38,20.61,109.31,3.93,27.79,20.3,48.1,2.69,5.7,8.38,270.51,0.48
Existing,Sample watershed,22,2002,510.3,3.42,277.05,374.35,19.8,116.15,2.63,19.83,13.63,33.46,1.8,3.97,5.78,176.24,0.53
Existing,Sample watershed,23,2002,510.3,3.42,260.91,371.07,20.81,118.42,0.35,2.46,1.61,4.07,0.24,0.46,0.7,21.63,0.52
Existing,Sample watershed,24,2002,510.3,3.42,255.53,376.35,21.22,112.73,0.11,0.8,0.49,1.29,0.07,0.14,0.21,7.23,0.53
Existing,Sample watershed,25,2002,510.3,3.42,279.74,381.52,20.61,108.17,1.2,7.98,5.6,13.59,0.8,1.54,2.34,75.38,0.52
Existing,Sample watershed,26,2002,510.3,3.42,249.34,360.53,18.19,131.58,0.63,4.76,3.24,8,0.46,0.92,1.38,37.36,0.52
Existing,Sample watershed,27,2002,510.3,3.42,249.34,361.26,17.46,131.58,1.17,8.46,5.27,13.72,0.8,1.52,2.32,61.83,0.48
Existing,Sample watershed,28,2002,510.3,3.42,249.34,358.36,19.09,132.85,3.38,24.18,16.45,40.63,2.27,4.85,7.11,197.29,0.52
Existing,Sample watershed,29,2002,510.3,3.42,239.66,361.25,18.73,130.32,3.18,22.33,14.89,37.22,2.14,4.52,6.66,178.58,0.51
Existing,Sample watershed,1,2003,652.3,4.29,246.43,500.58,17.77,133.95,2.29,16.42,11.06,27.48,1.7,3.29,4.99,168.34,0.57
Existing,Sample watershed,2,2003,652.3,4.29,246.43,501.32,18.33,132.66,0.35,2.56,1.63,4.19,0.22,0.47,0.69,24.75,0.54
Existing,Sample watershed,3,2003,652.3,4.29,287.5,519.29,20.57,112.44,0.61,4.75,2.89,7.65,0.44,0.92,1.35,53.14,0.58
Existing,Sample watershed,4,2003,652.3,4.29,262.86,509.19,21.4,121.71,2.43,19.09,12.24,31.33,1.79,3.29,5.08,200.8,0.56
Existing,Sample watershed,5,2003,652.3,4.29,282.03,520.32,19.54,112.44,3.31,25.95,16.31,42.26,2.51,4.76,7.27,273.01,0.54
Existing,Sample watershed,6,2003,652.3,4.29,265.6,520.66,20.36,111.28,0.84,6.25,4.05,10.3,0.61,1.17,1.78,61.9,0.56
Existing,Sample watershed,7,2003,652.3,4.29,273.81,522.23,19.95,110.12,1.08,8.32,5.27,13.59,0.77,1.49,2.27,86.66,0.55
Existing,Sample watershed,8,2003,652.3,4.29,268.34,510.36,21.39,120.55,0.01,0.04,0.03,0.06,0,0.01,0.01,0.38,0.54
Existing,Sample watershed,9,2003,652.3,4.29,279.29,510.84,19.75,121.71,2.13,14.81,9.88,24.69,1.39,2.77,4.16,165.36,0.57
Existing,Sample watershed,10,2003,652.3,4.29,234.11,502.97,17.96,131.37,0.15,1.14,0.72,1.85,0.1,0.21,0.31,10.26,0.56
Existing,Sample watershed,11,2003,652.3,4.29,256.29,509.78,18.88,123.64,2.99,23.14,14.85,37.98,2.02,4.12,6.15,214.86,0.58
Existing,Sample watershed,12,2003,652.3,4.29,251.36,512.17,17.77,122.35,3.02,22.26,14.85,37.1,2,3.96,5.96,210.7,0.54
Existing,Sample watershed,13,2003,652.3,4.29,253.82,509.96,18.7,123.64,0.73,5.19,3.6,8.79,0.5,0.94,1.44,48.65,0.57
Existing,Sample watershed,14,2003,652.3,4.29,241.5,499.1,19.25,133.95,7.67,56.63,38.57,95.2,5.33,10.74,16.07,522.35,0.53
Existing,Sample watershed,15,2003,652.3,4.29,241.5,506.64,19.44,126.22,1.45,10.36,7.36,17.73,1.07,2.17,3.24,106.6,0.57
Existing,Sample watershed,16,2003,652.3,4.29,251.36,509.78,17.59,124.93,0.24,1.73,1.24,2.97,0.17,0.35,0.53,15.91,0.58
Existing,Sample watershed,17,2003,652.3,4.29,59.14,127.25,4.72,520.32,0.34,2.46,1.69,4.14,0.23,0.45,0.68,5.42,0.58
Existing,Sample watershed,18,2003,652.3,4.29,59.14,127.39,4.58,520.32,0.06,0.44,0.32,0.76,0.04,0.09,0.13,1.01,0.58
Existing,Sample watershed,19,2003,652.3,4.29,273.81,511.18,20.57,120.55,1.46,10.52,7.16,17.69,1.05,1.93,2.98,111.82,0.53
Existing,Sample watershed,20,2003,652.3,4.29,279.29,509.61,20.98,121.71,0.01,0.1,0.07,0.17,0.01,0.02,0.03,1.04,0.58
Existing,Sample watershed,21,2003,652.3,4.29,279.29,515.69,19.54,117.07,4.28,29.19,20.27,49.45,2.74,5.57,8.31,297.61,0.57
Existing,Sample watershed,22,2003,652.3,4.29,276.55,509.2,21.39,121.71,2.82,19.78,14.15,33.93,1.87,3.74,5.61,220.84,0.53
Existing,Sample watershed,23,2003,652.3,4.29,284.77,521,21.19,110.12,0.35,2.6,1.72,4.32,0.25,0.46,0.71,27.12,0.58
Existing,Sample watershed,24,2003,652.3,4.29,268.34,511.8,19.95,120.55,0.11,0.74,0.55,1.29,0.07,0.14,0.21,8.22,0.54
Existing,Sample watershed,25,2003,652.3,4.29,284.77,517.31,21.39,113.6,1.19,8.3,5.7,14,0.79,1.68,2.47,89.03,0.55
Existing,Sample watershed,26,2003,652.3,4.29,258.75,502.79,18.14,131.37,0.61,4.71,3.27,7.97,0.43,0.93,1.35,45.01,0.58
Existing,Sample watershed,27,2003,652.3,4.29,239.04,505.91,18.88,127.51,1.08,8.36,5.41,13.78,0.82,1.49,2.3,73.76,0.54
Existing,Sample watershed,28,2003,652.3,4.29,253.82,507.39,18.7,126.22,3.47,24.12,16.42,40.54,2.33,4.65,6.98,239.99,0.53
Existing,Sample watershed,29,2003,652.3,4.29,251.36,498.93,18.14,135.23,3.14,23.42,15.93,39.35,2.15,4.29,6.45,228.24,0.54
Existing,Sample watershed,1,2004,531.21,3.87,231.1,396.88,17.03,117.3,2.17,14.36,9.77,24.13,1.52,2.91,4.43,138.86,0.57
Existing,Sample watershed,2,2004,531.21,3.87,226.66,400.37,15.86,114.98,0.31,2.07,1.44,3.51,0.2,0.4,0.6,21.68,0.57
Existing,Sample watershed,3,2004,531.21,3.87,244.44,411.28,18.54,101.39,0.58,4.03,2.83,6.87,0.41,0.79,1.2,47.91,0.58
Existing,Sample watershed,4,2004,531.21,3.87,249.37,413.58,19.3,98.34,2.17,15.38,11.14,26.52,1.59,3,4.59,195.95,0.55
Existing,Sample watershed,5,2004,531.21,3.87,239.5,412.44,19.48,99.3,3.24,23.63,15.77,39.4,2.24,4.21,6.45,241.46,0.55
Existing,Sample watershed,6,2004,531.21,3.87,256.78,412.5,18.36,100.34,0.76,5.36,3.69,9.05,0.51,1.03,1.54,58.73,0.57
Existing,Sample watershed,7,2004,531.21,3.87,256.78,409.3,19.48,102.43,1.06,7.13,5.21,12.34,0.68,1.46,2.14,75.88,0.57
Existing,Sample watershed,8,2004,531.21,3.87,254.31,402.73,18.73,109.75,0,0.03,0.02,0.06,0,0.01,0.01,0.34,0.53
Existing,Sample watershed,9,2004,531.21,3.87,249.37,406.6,17.99,106.61,1.83,13.9,9.09,22.99,1.36,2.68,4.04,147.65,0.57
Existing,Sample watershed,10,2004,531.21,3.87,226.66,402.19,17.53,111.49,0.14,1.01,0.68,1.69,0.09,0.19,0.28,8.8,0.57
Existing,Sample watershed,11,2004,531.21,3.87,219.99,395.4,16.19,119.62,2.83,20.07,12.72,32.79,1.88,3.98,5.86,188.18,0.58
Existing,Sample watershed,12,2004,531.21,3.87,231.1,392.57,16.69,121.94,2.8,20.66,13.12,33.78,1.9,3.76,5.66,186.34,0.55
Existing,Sample watershed,13,2004,531.21,3.87,213.33,396.88,17.03,117.3,0.63,4.45,3.15,7.6,0.43,0.92,1.35,45.63,0.58
Existing,Sample watershed,14,2004,531.21,3.87,233.33,396.38,17.53,117.3,6.99,49.12,33.13,82.24,4.51,9.68,14.2,471.7,0.52
Existing,Sample watershed,15,2004,531.21,3.87,222.22,396.88,17.03,117.3,1.38,9.53,6.49,16.02,0.98,1.99,2.97,95.13,0.56
Existing,Sample watershed,16,2004,531.21,3.87,224.44,395.22,17.53,118.46,0.23,1.64,1.03,2.67,0.15,0.3,0.45,14.81,0.58
Existing,Sample watershed,17,2004,531.21,3.87,55.55,80.99,4.26,445.97,0.3,2.22,1.49,3.71,0.21,0.42,0.63,4.74,0.54
Existing,Sample watershed,18,2004,531.21,3.87,52.78,76.63,3.96,450.61,0.06,0.4,0.26,0.66,0.04,0.07,0.11,0.95,0.55
Existing,Sample watershed,19,2004,531.21,3.87,251.84,410.11,17.62,103.48,1.26,9.87,6.46,16.33,0.91,1.78,2.68,100.85,0.54
Existing,Sample watershed,20,2004,531.21,3.87,254.31,404.26,19.29,107.66,0.01,0.09,0.06,0.16,0.01,0.02,0.03,0.94,0.58
Existing,Sample watershed,21,2004,531.21,3.87,251.84,407.21,19.48,104.52,3.9,27.12,17.55,44.67,2.65,5.07,7.72,265.98,0.57
Existing,Sample watershed,22,2004,531.21,3.87,254.31,412.69,18.18,100.34,2.59,18.39,11.77,30.16,1.78,3.51,5.29,182.17,0.53
Existing,Sample watershed,23,2004,531.21,3.87,256.78,406.72,18.92,105.57,0.31,2.26,1.49,3.75,0.21,0.44,0.64,23.05,0.57
Existing,Sample watershed,24,2004,531.21,3.87,254.31,404.63,18.92,107.66,0.1,0.69,0.5,1.19,0.07,0.13,0.2,7.56,0.54
Existing,Sample watershed,25,2004,531.21,3.87,239.5,403.28,18.18,109.75,1.07,7.63,4.94,12.57,0.76,1.5,2.26,77.18,0.56
Existing,Sample watershed,26,2004,531.21,3.87,231.1,400.37,17.03,113.81,0.61,4.37,2.92,7.29,0.4,0.82,1.22,39.81,0.58
Existing,Sample watershed,27,2004,531.21,3.87,215.55,401.36,17.19,112.65,1.05,7.47,4.88,12.35,0.74,1.43,2.17,67.29,0.54
Existing,Sample watershed,28,2004,531.21,3.87,233.33,395.55,17.19,118.46,2.98,21.31,14.35,35.66,2.17,4.24,6.4,195.77,0.53
Existing,Sample watershed,29,2004,531.21,3.87,226.66,404.19,16.69,110.33,2.95,19.88,13.67,33.55,2.04,3.75,5.79,192.24,0.57
Existing,Sample watershed,1,2005,483.18,5.15,145.97,394.9,11.99,76.29,1.4,10.44,7.1,17.54,0.99,1.91,2.9,152.23,0.56
Existing,Sample watershed,2,2005,483.18,5.15,158.13,389.11,11.42,82.64,0.22,1.48,1.07,2.54,0.15,0.28,0.43,21.5,0.56
Existing,Sample watershed,3,2005,483.18,5.15,163.87,402.25,12.94,67.99,0.39,2.84,1.94,4.78,0.27,0.54,0.81,49.5,0.54
Existing,Sample watershed,4,2005,483.18,5.15,174.01,401.3,13.2,68.68,1.49,10.98,7.24,18.22,1.07,2.09,3.16,200.36,0.6
Existing,Sample watershed,5,2005,483.18,5.15,177.39,396.24,12.56,74.38,2.02,14.63,10.27,24.9,1.5,3,4.5,254.37,0.55
Existing,Sample watershed,6,2005,483.18,5.15,172.32,396.36,12.44,74.38,0.52,3.9,2.62,6.52,0.38,0.72,1.1,63.7,0.56
Existing,Sample watershed,7,2005,483.18,5.15,165.56,402.16,13.07,67.94,0.73,5.03,3.39,8.42,0.51,0.99,1.5,79.86,0.56
Existing,Sample watershed,8,2005,483.18,5.15,167.25,401.75,12.06,69.37,0,0.02,0.02,0.04,0,0,0.01,0.38,0.54
Existing,Sample watershed,9,2005,483.18,5.15,174.01,396.19,13.33,73.66,1.23,8.95,6.53,15.49,0.92,1.76,2.68,157.08,0.58
Existing,Sample watershed,10,2005,483.18,5.15,144.45,393.54,11.76,77.88,0.09,0.69,0.43,1.12,0.06,0.13,0.2,9.55,0.54
Existing,Sample watershed,11,2005,483.18,5.15,144.45,394.45,11.65,77.08,1.9,13.6,8.89,22.48,1.34,2.54,3.88,192.22,0.53
Existing,Sample watershed,12,2005,483.18,5.15,152.05,389,11.54,82.64,1.77,13.46,8.8,22.26,1.25,2.52,3.77,188.38,0.58
Existing,Sample watershed,13,2005,483.18,5.15,155.09,395.02,11.08,77.08,0.47,3.33,2.2,5.53,0.3,0.59,0.9,45.75,0.57
Existing,Sample watershed,14,2005,483.18,5.15,153.57,388.2,11.54,83.44,4.47,32.29,22.23,54.53,3.36,6.54,9.9,501.02,0.53
Existing,Sample watershed,15,2005,483.18,5.15,150.53,395.01,11.88,76.29,0.9,6.53,4.39,10.92,0.66,1.22,1.87,102.27,0.53
Existing,Sample watershed,16,2005,483.18,5.15,149.01,388.54,11.99,82.64,0.15,1.11,0.77,1.89,0.11,0.22,0.33,16.23,0.53
Existing,Sample watershed,17,2005,483.18,5.15,39.15,175.12,2.91,305.15,0.19,1.46,1.01,2.47,0.15,0.27,0.42,5.63,0.54
Existing,Sample watershed,18,2005,483.18,5.15,38.77,168.79,2.88,311.51,0.04,0.27,0.19,0.46,0.03,0.05,0.08,1.03,0.54
Existing,Sample watershed,19,2005,483.18,5.15,162.19,396.32,13.2,73.66,0.94,6.75,4.16,10.91,0.6,1.21,1.82,106.22,0.58
Existing,Sample watershed,20,2005,483.18,5.15,174.01,396.03,12.06,75.1,0.01,0.06,0.04,0.1,0.01,0.01,0.02,1.01,0.55
Existing,Sample watershed,21,2005,483.18,5.15,167.25,399.35,12.31,71.52,2.57,19.29,11.89,31.18,1.74,3.58,5.32,300.58,0.58
Existing,Sample watershed,22,2005,483.18,5.15,165.56,398,12.94,72.23,1.79,13.08,8.06,21.13,1.22,2.33,3.55,209.8,0.56
Existing,Sample watershed,23,2005,483.18,5.15,160.5,395.65,12.44,75.1,0.21,1.62,1.07,2.69,0.15,0.28,0.43,26.01,0.53
Existing,Sample watershed,24,2005,483.18,5.15,174.01,397.75,13.2,72.23,0.06,0.48,0.34,0.82,0.05,0.09,0.14,7.88,0.58
Existing,Sample watershed,25,2005,483.18,5.15,160.5,398.13,12.82,72.23,0.71,5.22,3.41,8.64,0.48,0.99,1.47,87.92,0.55
Existing,Sample watershed,26,2005,483.18,5.15,152.05,395.02,11.08,77.08,0.4,2.88,1.94,4.81,0.27,0.52,0.79,42.34,0.56
Existing,Sample watershed,27,2005,483.18,5.15,149.01,391.73,11.19,80.26,0.71,5.21,3.41,8.62,0.47,0.99,1.45,71.54,0.57
Existing,Sample watershed,28,2005,483.18,5.15,152.05,391.5,11.42,80.26,2.21,15.79,10.54,26.33,1.41,2.99,4.39,219.13,0.56
Existing,Sample watershed,29,2005,483.18,5.15,147.49,391.5,11.42,80.26,1.96,13.88,10.02,23.9,1.34,2.6,3.94,196.17,0.57
Existing,Sample watershed,1,2006,706.7,5.36,224.34,581.38,15.89,109.43,1.95,15.25,9.49,24.75,1.32,2.66,3.98,185.18,0.54
Existing,Sample watershed,2,2006,706.7,5.36,202.97,584.89,15.73,106.08,0.29,2.07,1.48,3.55,0.21,0.41,0.62,25.41,0.56
Existing,Sample watershed,3,2006,706.7,5.36,225.52,588.47,18.74,99.49,0.56,3.84,2.66,6.51,0.39,0.77,1.16,57.32,0.6
Existing,Sample watershed,4,2006,706.7,5.36,246.89,584.76,17.48,104.47,2.2,15.42,10.71,26.13,1.53,3.12,4.66,223.17,0.57
Existing,Sample watershed,5,2006,706.7,5.36,244.51,586.36,17.83,102.51,2.93,22.07,15.31,37.38,1.97,4.13,6.1,280.11,0.53
Existing,Sample watershed,6,2006,706.7,5.36,239.77,591.39,17.83,97.48,0.75,5.15,3.76,8.91,0.52,1.06,1.59,71.63,0.58
Existing,Sample watershed,7,2006,706.7,5.36,227.9,590.92,17.3,98.49,0.94,6.93,4.57,11.5,0.66,1.36,2.03,98.19,0.56
Existing,Sample watershed,8,2006,706.7,5.36,230.27,588.91,17.3,100.5,0,0.03,0.02,0.05,0,0.01,0.01,0.43,0.53
Existing,Sample watershed,9,2006,706.7,5.36,235.02,592.57,17.65,96.48,1.76,12.45,8.48,20.93,1.3,2.58,3.88,173.15,0.53
Existing,Sample watershed,10,2006,706.7,5.36,211.52,580.9,16.37,109.43,0.13,0.93,0.63,1.56,0.09,0.18,0.28,10.95,0.54
Existing,Sample watershed,11,2006,706.7,5.36,211.52,577.23,16.69,112.78,2.54,19.49,12.74,32.23,1.92,3.76,5.68,234.06,0.54
Existing,Sample watershed,12,2006,706.7,5.36,224.34,579.15,15.89,111.66,2.56,18.54,13.26,31.79,1.86,3.57,5.44,238.59,0.53
Existing,Sample watershed,13,2006,706.7,5.36,220.06,582.97,16.53,107.2,0.65,4.59,2.88,7.47,0.42,0.82,1.24,53.52,0.57
Existing,Sample watershed,14,2006,706.7,5.36,222.2,574.84,15.73,116.13,6.14,46.83,30.26,77.08,4.58,9,13.58,616.21,0.58
Existing,Sample watershed,15,2006,706.7,5.36,207.24,577.87,16.05,112.78,1.39,9.28,6.51,15.79,0.88,1.82,2.7,120.63,0.57
Existing,Sample watershed,16,2006,706.7,5.36,222.2,575.48,16.21,115.01,0.2,1.53,1.02,2.56,0.14,0.28,0.42,17.68,0.58
Existing,Sample watershed,17,2006,706.7,5.36,52.34,247.27,3.85,455.58,0.3,2.17,1.45,3.62,0.21,0.39,0.6,6.02,0.53
Existing,Sample watershed,18,2006,706.7,5.36,51.81,242.56,4.09,460.05,0.06,0.4,0.25,0.65,0.04,0.07,0.11,1.13,0.53
Existing,Sample watershed,19,2006,706.7,5.36,237.39,589.49,18.72,98.49,1.22,9.03,5.96,15,0.84,1.67,2.51,123.01,0.53
Existing,Sample watershed,20,2006,706.7,5.36,246.89,587.48,18.72,100.5,0.01,0.08,0.06,0.14,0.01,0.02,0.02,1.11,0.54
Existing,Sample watershed,21,2006,706.7,5.36,235.02,591.86,18.37,96.48,3.68,26.08,17.05,43.13,2.37,4.93,7.3,361.85,0.57
Existing,Sample watershed,22,2006,706.7,5.36,235.02,584.24,16.94,105.52,2.32,18.38,11.32,29.7,1.66,3.51,5.17,231.26,0.56
Existing,Sample watershed,23,2006,706.7,5.36,227.9,584.82,18.37,103.51,0.29,2.15,1.43,3.58,0.2,0.42,0.63,29.54,0.57
Existing,Sample watershed,24,2006,706.7,5.36,225.52,583.7,17.48,105.52,0.09,0.68,0.45,1.13,0.07,0.12,0.19,9.4,0.54
Existing,Sample watershed,25,2006,706.7,5.36,235.02,588.19,18.01,100.5,1.05,7.41,4.94,12.35,0.67,1.41,2.08,92.12,0.53
Existing,Sample watershed,26,2006,706.7,5.36,224.34,578.35,15.57,112.78,0.53,4.04,2.67,6.71,0.38,0.76,1.14,48.06,0.53
Existing,Sample watershed,27,2006,706.7,5.36,224.34,575,15.57,116.13,1,7.25,4.89,12.14,0.67,1.33,2,85.41,0.56
Existing,Sample watershed,28,2006,706.7,5.36,222.2,579.62,16.53,110.55,2.95,21.34,13.66,35,2.14,3.99,6.14,266.57,0.58
Existing,Sample watershed,29,2006,706.7,5.36,211.52,579.31,15.73,111.66,2.86,20.1,13.14,33.25,1.92,3.99,5.91,229.55,0.53
Existing,Sample watershed,1,2007,722.95,4.71,253.95,578.03,18.7,126.22,2.27,16.25,11.75,28,1.68,3.23,4.91,169.59,0.53
Existing,Sample watershed,2,2007,722.95,4.71,241.51,572.08,18.14,132.73,0.34,2.56,1.58,4.14,0.22,0.47,0.69,24.7,0.55
Existing,Sample watershed,3,2007,722.95,4.71,282.17,585.51,20.33,117.11,0.64,4.79,3.21,8,0.45,0.85,1.3,54.5,0.54
Existing,Sample watershed,4,2007,722.95,4.71,284.94,589.86,21.83,111.25,2.51,18.91,12.59,31.5,1.74,3.29,5.03,228.07,0.54
Existing,Sample watershed,5,2007,722.95,4.71,282.17,588.7,21.82,112.43,3.35,26.47,16.31,42.78,2.49,4.62,7.11,272.21,0.57
Existing,Sample watershed,6,2007,722.95,4.71,265.57,588.57,20.78,113.6,0.86,6.25,4.21,10.47,0.59,1.18,1.77,73.12,0.54
Existing,Sample watershed,7,2007,722.95,4.71,268.34,583.68,20.99,118.28,1.15,7.99,5.66,13.65,0.84,1.62,2.46,93.6,0.58
Existing,Sample watershed,8,2007,722.95,4.71,284.94,580.58,20.57,121.79,0.01,0.04,0.02,0.06,0,0.01,0.01,0.41,0.58
Existing,Sample watershed,9,2007,722.95,4.71,262.81,580.37,20.78,121.79,2.13,15.42,10.7,26.12,1.42,2.86,4.27,178.61,0.54
Existing,Sample watershed,10,2007,722.95,4.71,256.44,577.09,19.64,126.22,0.15,1.05,0.75,1.8,0.1,0.22,0.32,10.53,0.57
Existing,Sample watershed,11,2007,722.95,4.71,246.49,567.81,18.52,136.63,3.08,22.26,14.4,36.66,2.17,4.25,6.42,223.07,0.58
Existing,Sample watershed,12,2007,722.95,4.71,248.98,575.61,18.52,128.82,3.11,22.71,14.56,37.26,2.09,4.38,6.46,234.27,0.53
Existing,Sample watershed,13,2007,722.95,4.71,248.98,578.78,17.96,126.22,0.73,5.03,3.57,8.6,0.53,1.04,1.57,51.49,0.57
Existing,Sample watershed,14,2007,722.95,4.71,251.46,571.71,18.52,132.73,7.69,56.28,38.97,95.25,5.42,10.59,16.01,569.96,0.52
Existing,Sample watershed,15,2007,722.95,4.71,258.93,578.77,19.26,124.92,1.45,11.03,7.36,18.39,1.02,2.12,3.15,107.16,0.52
Existing,Sample watershed,16,2007,722.95,4.71,253.95,572.08,18.14,132.73,0.25,1.84,1.2,3.04,0.16,0.35,0.51,17.36,0.56
Existing,Sample watershed,17,2007,722.95,4.71,64.73,192.72,4.54,525.7,0.34,2.53,1.7,4.24,0.22,0.48,0.7,5.98,0.53
Existing,Sample watershed,18,2007,722.95,4.71,62.87,192.67,4.58,525.7,0.06,0.46,0.29,0.75,0.04,0.08,0.13,1.09,0.56
Existing,Sample watershed,19,2007,722.95,4.71,268.34,581.41,19.74,121.79,1.53,10.31,7.09,17.41,0.99,2.13,3.12,113.6,0.57
Existing,Sample watershed,20,2007,722.95,4.71,271.11,580.24,19.74,122.97,0.01,0.1,0.07,0.18,0.01,0.02,0.03,1.15,0.55
Existing,Sample watershed,21,2007,722.95,4.71,262.81,579.54,21.61,121.79,4.04,28.58,19.46,48.05,2.94,5.97,8.91,331.61,0.57
Existing,Sample watershed,22,2007,722.95,4.71,276.64,590.5,21.2,111.25,2.93,20.6,13.74,34.34,1.89,3.81,5.71,231.66,0.54
Existing,Sample watershed,23,2007,722.95,4.71,273.87,588.02,20.16,114.77,0.36,2.63,1.79,4.42,0.23,0.5,0.73,27.02,0.53
Existing,Sample watershed,24,2007,722.95,4.71,284.94,590.16,20.37,112.43,0.1,0.8,0.53,1.33,0.08,0.16,0.24,9.14,0.54
Existing,Sample watershed,25,2007,722.95,4.71,273.87,582.92,20.57,119.45,1.21,8.3,5.59,13.89,0.79,1.55,2.34,91.4,0.55
Existing,Sample watershed,26,2007,722.95,4.71,258.93,578.77,19.26,124.92,0.68,4.85,3.05,7.9,0.46,0.86,1.32,47.19,0.53
Existing,Sample watershed,27,2007,722.95,4.71,258.93,570.03,18.89,134.03,1.13,8.53,5.47,14,0.77,1.66,2.43,88.05,0.56
Existing,Sample watershed,28,2007,722.95,4.71,256.44,573.75,19.08,130.12,3.37,24.12,15.92,40.04,2.43,4.84,7.27,251.67,0.58
Existing,Sample watershed,29,2007,722.95,4.71,244,570.77,19.45,132.73,3.27,22.5,15.79,38.29,2.18,4.65,6.82,227.74,0.54
Existing,Sample watershed,1,2008,507.82,6.5,125.33,430.25,9.42,68.15,1.24,8.95,5.57,14.52,0.86,1.59,2.45,177.81,0.54
Existing,Sample watershed,2,2008,507.82,6.5,122.8,429.96,9.7,68.15,0.17,1.28,0.8,2.08,0.12,0.23,0.34,23.9,0.55
Existing,Sample watershed,3,2008,507.82,6.5,133.63,434.95,10.34,62.53,0.33,2.4,1.61,4.01,0.22,0.45,0.66,57.78,0.55
Existing,Sample watershed,4,2008,507.82,6.5,139.26,439.21,10.24,58.36,1.29,9.62,6.48,16.1,0.92,1.71,2.63,222.98,0.57
Existing,Sample watershed,5,2008,507.82,6.5,137.85,438.78,10.67,58.36,1.83,12.44,8.98,21.42,1.28,2.37,3.65,288.36,0.57
Existing,Sample watershed,6,2008,507.82,6.5,142.07,439.38,10.67,57.76,0.44,3.02,2.23,5.25,0.31,0.62,0.93,64.69,0.56
Existing,Sample watershed,7,2008,507.82,6.5,137.85,440.15,11.1,56.57,0.56,4.32,2.74,7.05,0.42,0.83,1.25,93.36,0.56
Existing,Sample watershed,8,2008,507.82,6.5,147.7,439.87,10.78,57.17,0,0.02,0.01,0.03,0,0,0.01,0.42,0.55
Existing,Sample watershed,9,2008,507.82,6.5,136.45,439.66,10.99,57.17,1.04,7.61,5.02,12.63,0.73,1.44,2.17,176.33,0.57
Existing,Sample watershed,10,2008,507.82,6.5,131.66,429.11,9.89,68.81,0.08,0.58,0.36,0.94,0.05,0.11,0.16,10.73,0.55
Existing,Sample watershed,11,2008,507.82,6.5,127.87,431.86,9.13,66.83,1.49,11.55,7.47,19.02,1.07,2.07,3.15,218.13,0.54
Existing,Sample watershed,12,2008,507.82,6.5,130.4,434.88,9.42,63.52,1.47,11.32,7.33,18.65,1.08,2.1,3.18,229.09,0.56
Existing,Sample watershed,13,2008,507.82,6.5,120.27,433.65,9.99,64.18,0.37,2.8,1.71,4.51,0.25,0.53,0.78,51.38,0.57
Existing,Sample watershed,14,2008,507.82,6.5,121.54,432.33,9.99,65.5,3.8,29.13,20.46,49.59,2.85,5.45,8.3,534.83,0.53
Existing,Sample watershed,15,2008,507.82,6.5,122.8,428.83,9.51,69.47,0.8,5.6,3.84,9.44,0.54,1.11,1.65,112.51,0.51
Existing,Sample watershed,16,2008,507.82,6.5,120.27,432.52,9.8,65.5,0.12,0.92,0.6,1.52,0.09,0.18,0.26,17.51,0.56
Existing,Sample watershed,17,2008,507.82,6.5,30.38,235.36,2.5,269.95,0.18,1.26,0.84,2.1,0.12,0.22,0.34,5.9,0.53
Existing,Sample watershed,18,2008,507.82,6.5,31.65,248.67,2.43,256.72,0.03,0.23,0.16,0.39,0.02,0.04,0.06,1.11,0.54
Existing,Sample watershed,19,2008,507.82,6.5,140.67,436.23,10.25,61.34,0.74,5.35,3.64,9,0.51,0.98,1.49,121.61,0.58
Existing,Sample watershed,20,2008,507.82,6.5,137.85,437.17,11.1,59.55,0.01,0.05,0.04,0.09,0,0.01,0.02,1.1,0.57
Existing,Sample watershed,21,2008,507.82,6.5,140.67,438.4,10.46,58.95,2.07,14.99,10.82,25.82,1.46,2.95,4.41,330.89,0.54
Existing,Sample watershed,22,2008,507.82,6.5,147.7,436.72,10.36,60.74,1.51,10.79,6.78,17.56,1.02,2.04,3.06,233.26,0.54
Existing,Sample watershed,23,2008,507.82,6.5,146.29,436.12,10.36,61.34,0.18,1.27,0.88,2.16,0.12,0.24,0.36,28.09,0.57
Existing,Sample watershed,24,2008,507.82,6.5,142.07,437.91,10.36,59.55,0.06,0.39,0.26,0.65,0.04,0.08,0.12,8.94,0.54
Existing,Sample watershed,25,2008,507.82,6.5,135.04,435.04,10.25,62.53,0.63,4.35,2.78,7.13,0.4,0.8,1.2,92.17,0.53
Existing,Sample watershed,26,2008,507.82,6.5,125.33,431.95,9.7,66.17,0.32,2.27,1.55,3.82,0.23,0.44,0.67,46.14,0.56
Existing,Sample watershed,27,2008,507.82,6.5,121.54,434.31,9.99,63.52,0.59,4,2.75,6.76,0.4,0.78,1.18,80.36,0.53
Existing,Sample watershed,28,2008,507.82,6.5,125.33,435.35,9.61,62.86,1.77,12.52,8.69,21.21,1.2,2.53,3.73,248.56,0.53
Existing,Sample watershed,29,2008,507.82,6.5,132.93,429.77,9.89,68.15,1.65,11.32,7.63,18.95,1.14,2.16,3.3,229.59,0.55
Existing,Sample watershed,1,2009,556.75,6.3,141.88,471.52,10.33,74.9,1.35,10.03,6.69,16.72,0.97,1.86,2.83,180.06,0.54
Existing,Sample watershed,2,2009,556.75,6.3,139.01,472.9,11.2,72.65,0.2,1.42,1,2.42,0.14,0.26,0.4,24.47,0.58
Existing,Sample watershed,3,2009,556.75,6.3,156.05,477.09,12.94,66.72,0.36,2.74,1.77,4.51,0.26,0.48,0.74,56.83,0.59
Existing,Sample watershed,4,2009,556.75,6.3,164.01,479.28,12.08,65.39,1.37,10.77,7.26,18.02,0.98,1.91,2.89,225.7,0.6
Existing,Sample watershed,5,2009,556.75,6.3,154.45,475.43,12.56,68.76,2.11,15.24,9.48,24.72,1.33,2.85,4.19,269.78,0.55
Existing,Sample watershed,6,2009,556.75,6.3,156.05,475.72,11.6,69.43,0.51,3.49,2.31,5.8,0.32,0.71,1.04,66.26,0.53
Existing,Sample watershed,7,2009,556.75,6.3,167.19,476.51,11.48,68.76,0.65,4.93,3.26,8.19,0.45,0.89,1.34,87.22,0.56
Existing,Sample watershed,8,2009,556.75,6.3,160.82,479.48,12.56,64.71,0,0.02,0.01,0.04,0,0,0.01,0.43,0.53
Existing,Sample watershed,9,2009,556.75,6.3,160.82,475.96,11.36,69.43,1.19,8.61,6.1,14.71,0.85,1.74,2.59,161.71,0.54
Existing,Sample watershed,10,2009,556.75,6.3,143.31,474.19,10.66,71.9,0.08,0.66,0.45,1.11,0.06,0.12,0.18,10.98,0.56
Existing,Sample watershed,11,2009,556.75,6.3,141.88,470.12,10.98,75.65,1.81,13.33,8.37,21.7,1.18,2.45,3.62,221,0.57
Existing,Sample watershed,12,2009,556.75,6.3,139.01,468.95,10.66,77.14,1.72,12.56,8.72,21.28,1.19,2.49,3.68,227.6,0.56
Existing,Sample watershed,13,2009,556.75,6.3,149.04,474.3,10.55,71.9,0.4,2.93,2.03,4.96,0.28,0.6,0.89,52.06,0.56
Existing,Sample watershed,14,2009,556.75,6.3,149.04,470.87,10.98,74.9,4.57,32.41,22.19,54.6,2.91,5.81,8.72,587.28,0.54
Existing,Sample watershed,15,2009,556.75,6.3,143.31,467.98,10.87,77.89,0.83,6.35,3.98,10.33,0.58,1.25,1.82,113.96,0.54
Existing,Sample watershed,16,2009,556.75,6.3,144.74,473.87,10.98,71.9,0.14,0.99,0.69,1.68,0.1,0.19,0.29,17.21,0.53
Existing,Sample watershed,17,2009,556.75,6.3,34.75,248.42,2.75,305.58,0.18,1.33,0.93,2.26,0.13,0.27,0.4,5.86,0.54
Existing,Sample watershed,18,2009,556.75,6.3,35.11,266.51,2.64,287.61,0.04,0.25,0.18,0.43,0.03,0.05,0.08,1.16,0.54
Existing,Sample watershed,19,2009,556.75,6.3,157.64,479.48,12.56,64.71,0.81,6.43,4.33,10.76,0.62,1.12,1.74,116.12,0.58
Existing,Sample watershed,20,2009,556.75,6.3,151.27,477.98,11.36,67.41,0.01,0.06,0.04,0.1,0.01,0.01,0.02,1.15,0.53
Existing,Sample watershed,21,2009,556.75,6.3,151.27,479.6,12.44,64.71,2.35,16.8,11.09,27.88,1.61,3.44,5.05,318.62,0.57
Existing,Sample watershed,22,2009,556.75,6.3,164.01,478.65,11.36,66.73,1.61,11.86,7.83,19.69,1.12,2.26,3.39,224.97,0.57
Existing,Sample watershed,23,2009,556.75,6.3,159.23,474.09,12.56,70.1,0.2,1.44,1.03,2.47,0.14,0.27,0.41,28.17,0.54
Existing,Sample watershed,24,2009,556.75,6.3,159.23,474.44,12.2,70.1,0.06,0.44,0.31,0.74,0.04,0.09,0.13,8.79,0.56
Existing,Sample watershed,25,2009,556.75,6.3,151.27,480.56,11.48,64.71,0.65,5.07,3.35,8.42,0.48,0.89,1.37,91.52,0.54
Existing,Sample watershed,26,2009,556.75,6.3,140.44,471.51,11.09,74.15,0.36,2.79,1.81,4.6,0.25,0.54,0.79,44.41,0.55
Existing,Sample watershed,27,2009,556.75,6.3,146.17,467.02,11.09,78.64,0.67,4.67,3.28,7.95,0.44,0.94,1.38,86.37,0.57
Existing,Sample watershed,28,2009,556.75,6.3,150.47,471.3,11.3,74.15,2,14.03,9.74,23.77,1.34,2.84,4.18,259.2,0.56
Existing,Sample watershed,29,2009,556.75,6.3,144.74,473.87,10.23,72.65,1.9,13.08,9.36,22.44,1.34,2.57,3.92,239.5,0.54
Existing,Sample watershed,1,2010,621.59,5.06,206.85,498.39,15.09,108.11,1.78,12.85,9.48,22.33,1.35,2.5,3.85,166.91,0.49
Existing,Sample watershed,2,2010,621.59,5.06,192.92,500.02,15.54,106.03,0.28,2.05,1.27,3.32,0.18,0.38,0.56,22.86,0.51
Existing,Sample watershed,3,2010,621.59,5.06,225.41,515.91,16.77,88.91,0.54,3.72,2.49,6.21,0.34,0.67,1.01,55.31,0.5
Existing,Sample watershed,4,2010,621.59,5.06,209.94,507.23,17.1,97.25,1.98,14.66,9.66,24.32,1.46,2.71,4.17,224.07,0.54
Existing,Sample watershed,5,2010,621.59,5.06,223.2,512.87,16.1,92.62,2.81,19.94,13.84,33.78,1.99,4.04,6.02,270.69,0.5
Existing,Sample watershed,6,2010,621.59,5.06,214.36,508.9,17.27,95.42,0.66,4.8,3.37,8.16,0.48,0.94,1.42,63.19,0.51
Existing,Sample watershed,7,2010,621.59,5.06,216.57,511.16,15.94,94.49,0.93,6.91,4.7,11.62,0.64,1.28,1.92,84.05,0.52
Existing,Sample watershed,8,2010,621.59,5.06,214.36,512.2,16.77,92.62,0,0.03,0.02,0.05,0,0.01,0.01,0.4,0.53
Existing,Sample watershed,9,2010,621.59,5.06,232.04,507.79,17.43,96.36,1.69,11.71,8.22,19.93,1.17,2.33,3.5,167.2,0.5
Existing,Sample watershed,10,2010,621.59,5.06,196.9,498.24,15.24,108.11,0.13,0.91,0.62,1.53,0.09,0.16,0.25,10.06,0.48
Existing,Sample watershed,11,2010,621.59,5.06,200.88,498.99,14.49,108.11,2.53,16.89,12.58,29.48,1.72,3.5,5.22,202.32,0.5
Existing,Sample watershed,12,2010,621.59,5.06,202.87,503.44,14.19,103.95,2.36,18.14,11.86,30,1.77,3.5,5.27,208.78,0.51
Existing,Sample watershed,13,2010,621.59,5.06,206.85,501.96,14.64,104.99,0.56,4.31,2.68,7,0.39,0.78,1.17,50.67,0.51
Existing,Sample watershed,14,2010,621.59,5.06,194.91,499.13,15.39,107.07,6.47,42.22,31.23,73.45,4.21,9.01,13.22,549.9,0.47
Existing,Sample watershed,15,2010,621.59,5.06,206.85,504.48,14.19,102.91,1.29,8.79,5.94,14.73,0.85,1.68,2.53,107.76,0.48
Existing,Sample watershed,16,2010,621.59,5.06,192.92,503.89,14.79,102.91,0.2,1.44,0.96,2.4,0.14,0.26,0.39,17.95,0.5
Existing,Sample watershed,17,2010,621.59,5.06,49.23,222.96,3.62,395,0.28,1.93,1.3,3.22,0.19,0.38,0.57,5.59,0.52
Existing,Sample watershed,18,2010,621.59,5.06,51.21,185.54,3.62,432.42,0.05,0.35,0.26,0.61,0.04,0.07,0.1,1.04,0.5
Existing,Sample watershed,19,2010,621.59,5.06,227.62,508.35,15.94,97.29,1.21,8.49,5.49,13.99,0.81,1.7,2.52,117.55,0.52
Existing,Sample watershed,20,2010,621.59,5.06,214.36,506.09,17.27,98.23,0.01,0.08,0.06,0.14,0.01,0.02,0.02,1.04,0.49
Existing,Sample watershed,21,2010,621.59,5.06,220.99,506.92,16.44,98.23,3.29,24.04,15.71,39.74,2.25,4.82,7.07,313.44,0.49
Existing,Sample watershed,22,2010,621.59,5.06,214.36,506.75,16.6,98.23,2.14,15.64,10.54,26.18,1.59,3.27,4.86,205.96,0.48
Existing,Sample watershed,23,2010,621.59,5.06,216.57,516.28,16.44,88.87,0.29,1.96,1.35,3.31,0.19,0.4,0.59,27.42,0.52
Existing,Sample watershed,24,2010,621.59,5.06,227.62,509.39,16.77,95.42,0.09,0.62,0.42,1.04,0.06,0.13,0.19,8.05,0.5
Existing,Sample watershed,25,2010,621.59,5.06,216.57,508.79,16.44,96.36,0.96,6.42,4.37,10.8,0.62,1.27,1.89,88.19,0.48
Existing,Sample watershed,26,2010,621.59,5.06,208.84,497.05,15.39,109.14,0.51,3.8,2.53,6.33,0.37,0.7,1.07,45.95,0.52
Existing,Sample watershed,27,2010,621.59,5.06,206.85,497.8,14.64,109.14,0.89,6.88,4.33,11.21,0.65,1.21,1.86,75.3,0.51
Existing,Sample watershed,28,2010,621.59,5.06,202.87,502.26,14.34,104.99,2.69,18.87,13.78,32.66,2,3.83,5.83,233.13,0.48
Existing,Sample watershed,29,2010,621.59,5.06,192.92,502.85,14.79,103.95,2.69,18.9,12.49,31.39,1.74,3.71,5.45,215.26,0.51
